combination_id,data_sensitivity,access_level,persistence,transitive_exposure,scope_count,cross_service_breadth,has_restricted_scope,risk_label
SC-0000,4,2,1,0,6,3,0,Critical
SC-0001,4,2,0,0,5,3,0,High
SC-0002,5,1,0,1,5,3,0,High
SC-0003,4,1,1,0,5,3,0,High
SC-0004,4,2,0,0,4,2,0,High
SC-0005,4,2,0,0,5,3,0,High
SC-0006,3,0,0,0,5,3,0,Medium
SC-0007,3,2,0,0,5,3,0,High
SC-0008,3,0,0,0,5,3,0,Medium
SC-0009,4,2,0,1,5,3,0,High
SC-0010,4,0,0,0,7,5,0,High
SC-0011,4,2,0,0,6,3,0,High
SC-0012,5,1,0,1,5,3,1,Critical
SC-0013,3,2,1,0,2,2,0,High
SC-0014,4,2,1,0,7,4,0,Critical
SC-0015,5,3,0,1,3,2,1,Critical
SC-0016,4,2,0,0,6,4,1,Critical
SC-0017,5,2,0,0,7,5,0,Critical
SC-0018,4,2,0,0,5,3,1,High
SC-0019,5,3,1,1,2,2,0,Critical
SC-0020,3,2,1,0,6,4,0,High
SC-0021,1,0,0,0,3,1,0,Low
SC-0022,1,0,0,0,2,1,0,Low
SC-0023,1,0,0,0,5,1,0,Low
SC-0024,1,0,0,0,4,1,0,Low
SC-0025,4,2,0,0,6,4,0,High
SC-0027,5,1,0,0,5,3,1,High
SC-0028,4,2,0,0,5,3,0,High
SC-0029,4,1,0,0,2,2,1,Medium
SC-0030,4,1,0,0,5,3,1,High
SC-0031,5,1,0,0,5,3,1,High
SC-0032,4,2,1,0,5,3,0,High
SC-0033,5,2,0,1,8,5,1,Critical
SC-0034,4,2,0,0,5,3,0,High
SC-0035,4,1,1,0,6,3,0,High
SC-0036,3,1,0,0,5,3,0,Medium
SC-0037,5,2,0,0,5,3,0,Critical
SC-0038,4,1,0,0,5,3,0,High
SC-0039,4,2,1,0,3,3,0,High
SC-0040,5,3,0,1,5,3,1,Critical
SC-0041,5,1,1,0,5,3,1,Critical
SC-0042,5,1,0,0,5,2,0,High
SC-0043,4,2,0,0,6,4,0,High
SC-0044,3,0,1,0,5,3,0,Medium
SC-0045,5,3,0,1,4,2,0,Critical
SC-0046,5,1,0,1,6,4,1,Critical
SC-0047,4,2,0,1,5,3,0,High
SC-0048,2,0,0,0,5,3,0,Medium
SC-0049,5,1,0,0,6,4,0,High
SC-0050,5,2,1,1,3,3,1,Critical
SC-0051,5,2,1,1,3,3,1,Critical
SC-0052,5,1,1,1,2,2,1,Critical
SC-0053,5,2,1,0,1,1,1,High
SC-0054,4,2,1,0,1,1,1,High
SC-0055,5,2,1,1,4,3,1,Critical
SC-0056,5,1,1,1,3,2,1,Critical
SC-0057,5,2,1,0,2,1,1,High
SC-0058,5,1,1,0,2,1,1,High
SC-0059,5,3,1,1,3,1,0,Critical
SC-0060,3,3,1,1,2,2,0,Critical
SC-0061,5,3,1,1,4,1,0,Critical
SC-0062,5,3,1,1,2,2,1,Critical
SC-0063,4,2,1,0,3,3,1,Critical
SC-0064,5,0,1,1,4,4,1,Critical
SC-0065,4,2,1,1,3,3,1,Critical
SC-0066,5,2,1,0,3,3,1,Critical
SC-0067,4,0,1,0,4,1,0,Medium
SC-0068,5,2,1,1,6,6,1,Critical
SC-0069,5,3,1,1,4,4,1,Critical
SC-0070,5,2,1,1,6,6,1,Critical
SC-0071,5,2,1,1,2,2,1,Critical
SC-0072,5,1,1,0,3,2,1,High
SC-0073,5,1,1,0,3,1,1,High
SC-0074,5,1,1,1,4,3,1,Critical
SC-0075,5,2,1,1,4,4,1,Critical
SC-0076,5,0,1,1,3,3,1,Critical
SC-0077,4,2,0,0,3,3,0,High
SC-0078,4,2,0,0,2,2,0,Medium
SC-0079,3,0,0,0,2,2,0,Low
SC-0080,5,2,1,1,4,4,1,Critical
SC-0081,4,2,1,0,3,3,1,Critical
SC-0082,5,0,1,0,2,2,1,High
SC-0083,5,2,0,0,3,3,1,Critical
SC-0084,5,2,0,1,3,3,1,Critical
SC-0085,5,2,1,0,4,4,1,Critical
SC-0086,5,2,0,0,4,3,1,Critical
SC-0087,4,2,0,0,2,2,0,Medium
SC-0088,3,2,0,0,2,2,0,Medium
SC-0089,5,2,0,1,2,2,0,High
SC-0090,4,1,0,0,2,2,1,Medium
SC-0091,3,2,1,0,2,2,0,High
SC-0092,4,2,1,0,2,2,1,High
SC-0093,4,2,0,1,4,3,0,High
SC-0094,5,2,0,0,3,3,1,Critical
SC-0095,4,2,0,0,3,2,0,High
SC-0096,4,2,0,0,2,2,1,High
SC-0097,1,0,0,0,3,1,0,Low
SC-0098,1,0,0,0,4,1,0,Low
SC-0099,5,3,1,1,3,1,0,Critical
SC-0100,5,0,0,1,2,1,0,Medium
SC-0101,5,3,1,1,3,1,0,Critical
SC-0102,3,2,0,0,2,2,0,Medium
SC-0103,3,0,0,0,2,2,0,Low
SC-0104,4,2,0,0,6,3,0,High
SC-0105,4,2,1,0,5,3,0,High
SC-0106,5,1,1,1,5,3,0,Critical
SC-0107,4,1,0,0,5,3,0,High
SC-0108,4,2,1,0,4,2,0,High
SC-0109,4,2,1,0,5,3,0,High
SC-0110,3,0,1,0,5,3,0,Medium
SC-0111,3,2,1,0,5,3,0,High
SC-0112,3,0,1,0,5,3,0,Medium
SC-0113,4,2,1,1,5,3,0,Critical
SC-0114,4,0,1,0,7,5,0,High
SC-0115,4,2,1,0,6,3,0,Critical
SC-0116,5,1,1,1,5,3,1,Critical
SC-0117,3,2,0,0,2,2,0,Medium
SC-0118,4,2,0,0,7,4,0,High
SC-0119,5,3,1,1,3,2,1,Critical
SC-0120,4,2,1,0,6,4,1,Critical
SC-0121,5,2,1,0,7,5,0,Critical
SC-0122,4,2,1,0,5,3,1,Critical
SC-0123,5,3,0,1,2,2,0,High
SC-0124,3,2,0,0,6,4,0,High
SC-0125,1,0,1,0,3,1,0,Low
SC-0126,1,0,1,0,2,1,0,Low
SC-0127,1,0,1,0,5,1,0,Medium
SC-0128,1,0,1,0,4,1,0,Medium
SC-0129,4,2,1,0,6,4,0,Critical
SC-0131,5,1,1,0,5,3,1,Critical
SC-0132,4,2,1,0,5,3,0,High
SC-0133,4,1,1,0,2,2,1,High
SC-0134,4,1,1,0,5,3,1,High
SC-0135,5,1,1,0,5,3,1,Critical
SC-0136,4,2,0,0,5,3,0,High
SC-0137,5,2,1,1,8,5,1,Critical
SC-0138,4,2,1,0,5,3,0,High
SC-0139,4,1,0,0,6,3,0,High
SC-0140,3,1,1,0,5,3,0,High
SC-0141,5,2,1,0,5,3,0,Critical
SC-0142,4,1,1,0,5,3,0,High
SC-0143,4,2,0,0,3,3,0,High
SC-0144,5,3,1,1,5,3,1,Critical
SC-0145,5,1,0,0,5,3,1,High
SC-0146,5,1,1,0,5,2,0,High
SC-0147,4,2,1,0,6,4,0,Critical
SC-0148,3,0,0,0,5,3,0,Medium
SC-0149,5,3,1,1,4,2,0,Critical
SC-0150,5,1,1,1,6,4,1,Critical
SC-0151,4,2,1,1,5,3,0,Critical
SC-0152,2,0,1,0,5,3,0,Medium
SC-0153,5,1,1,0,6,4,0,Critical
SC-0154,5,2,0,1,3,3,1,Critical
SC-0155,5,2,0,1,3,3,1,Critical
SC-0156,5,1,0,1,2,2,1,High
SC-0157,5,2,0,0,1,1,1,High
SC-0158,4,2,0,0,1,1,1,High
SC-0159,5,2,0,1,4,3,1,Critical
SC-0160,5,1,0,1,3,2,1,High
SC-0161,5,2,0,0,2,1,1,High
SC-0162,5,1,0,0,2,1,1,High
SC-0163,5,3,0,1,3,1,0,Critical
SC-0164,3,3,0,1,2,2,0,High
SC-0165,5,3,0,1,4,1,0,Critical
SC-0166,5,3,0,1,2,2,1,Critical
SC-0167,4,2,0,0,3,3,1,High
SC-0168,5,0,0,1,4,4,1,High
SC-0169,4,2,0,1,3,3,1,High
SC-0170,5,2,0,0,3,3,1,Critical
SC-0171,4,0,0,0,4,1,0,Medium
SC-0172,5,2,0,1,6,6,1,Critical
SC-0173,5,3,0,1,4,4,1,Critical
SC-0174,5,2,0,1,6,6,1,Critical
SC-0175,5,2,0,1,2,2,1,High
SC-0176,5,1,0,0,3,2,1,High
SC-0177,5,1,0,0,3,1,1,High
SC-0178,5,1,0,1,4,3,1,Critical
SC-0179,5,2,0,1,4,4,1,Critical
SC-0180,5,0,0,1,3,3,1,High
SC-0181,4,2,1,0,3,3,0,High
SC-0182,4,2,1,0,2,2,0,High
SC-0183,3,0,1,0,2,2,0,Medium
SC-0184,5,2,0,1,4,4,1,Critical
SC-0185,4,2,0,0,3,3,1,High
SC-0186,5,0,0,0,2,2,1,Medium
SC-0187,5,2,1,0,3,3,1,Critical
SC-0188,5,2,1,1,3,3,1,Critical
SC-0189,5,2,0,0,4,4,1,Critical
SC-0190,5,2,1,0,4,3,1,Critical
SC-0191,4,2,1,0,2,2,0,High
SC-0192,3,2,1,0,2,2,0,High
SC-0193,5,2,1,1,2,2,0,Critical
SC-0194,4,1,1,0,2,2,1,High
SC-0195,3,2,0,0,2,2,0,Medium
SC-0196,4,2,0,0,2,2,1,High
SC-0197,4,2,1,1,4,3,0,Critical
SC-0198,5,2,1,0,3,3,1,Critical
SC-0199,4,2,1,0,3,2,0,High
SC-0200,4,2,1,0,2,2,1,High
SC-0201,1,0,1,0,3,1,0,Low
SC-0202,1,0,1,0,4,1,0,Medium
SC-0203,5,3,0,1,3,1,0,Critical
SC-0204,5,0,1,1,2,1,0,High
SC-0205,5,3,0,1,3,1,0,Critical
SC-0206,3,2,1,0,2,2,0,High
SC-0207,3,0,1,0,2,2,0,Medium
SC-0208,5,2,1,1,3,3,1,Critical
SC-0209,5,2,1,1,3,2,1,Critical
SC-0210,5,2,1,1,3,2,1,Critical
SC-0211,5,2,1,0,4,3,1,Critical
SC-0212,5,1,1,0,4,3,1,Critical
SC-0213,5,1,1,0,4,3,1,Critical
SC-0214,5,1,1,1,4,2,1,Critical
SC-0215,5,1,1,0,4,2,1,Critical
SC-0216,5,1,1,0,4,2,1,Critical
SC-0217,5,1,1,1,5,4,1,Critical
SC-0218,5,2,1,1,5,4,1,Critical
SC-0219,5,1,1,1,5,3,1,Critical
SC-0220,5,2,1,1,5,4,1,Critical
SC-0221,5,2,1,1,5,5,1,Critical
SC-0222,5,2,1,1,5,5,1,Critical
SC-0223,5,1,1,1,4,3,1,Critical
SC-0224,5,0,1,1,4,4,1,Critical
SC-0225,5,0,1,1,4,3,1,Critical
SC-0226,4,2,0,0,4,4,0,High
SC-0227,4,2,0,0,4,4,0,High
SC-0228,4,2,0,0,4,4,0,High
SC-0229,4,2,0,0,3,3,0,High
SC-0230,4,2,0,0,3,3,0,High
SC-0231,4,2,0,0,3,3,0,High
SC-0232,3,2,0,0,3,2,0,Medium
SC-0233,5,1,0,0,3,3,1,High
SC-0234,4,1,0,0,3,3,0,Medium
SC-0235,5,2,1,1,5,5,1,Critical
SC-0236,5,2,1,1,5,5,1,Critical
SC-0237,5,2,1,1,5,5,1,Critical
SC-0238,4,2,1,0,4,3,1,Critical
SC-0239,4,2,1,0,4,3,1,Critical
SC-0240,4,2,1,1,4,4,1,Critical
SC-0241,5,0,1,1,3,3,1,Critical
SC-0242,5,2,1,0,3,3,1,Critical
SC-0243,5,2,1,0,3,3,1,Critical
SC-0244,5,2,0,0,4,4,1,Critical
SC-0245,5,2,0,0,4,4,1,Critical
SC-0246,5,2,0,0,4,4,1,Critical
SC-0247,5,2,0,1,4,4,1,Critical
SC-0248,5,2,0,1,4,4,1,Critical
SC-0249,5,2,0,1,4,4,1,Critical
SC-0250,5,2,1,0,5,5,1,Critical
SC-0252,5,2,1,0,5,5,1,Critical
SC-0253,5,2,0,1,5,4,1,Critical
SC-0254,5,2,0,0,5,4,1,Critical
SC-0255,5,2,0,0,5,4,1,Critical
SC-0256,4,2,0,0,3,3,0,High
SC-0257,4,2,0,1,3,3,0,High
SC-0258,4,2,0,0,3,3,0,High
SC-0259,4,2,0,1,3,3,0,High
SC-0260,4,2,0,0,3,3,0,High
SC-0261,3,2,1,0,3,3,0,High
SC-0262,5,2,0,1,3,3,0,Critical
SC-0263,5,2,0,1,3,3,0,Critical
SC-0264,5,2,0,1,3,3,0,Critical
SC-0265,4,2,0,0,3,3,1,High
SC-0266,4,1,0,0,3,3,1,High
SC-0267,4,1,0,0,3,3,1,High
SC-0268,3,2,1,0,3,3,0,High
SC-0269,3,2,1,0,3,3,0,High
SC-0270,4,2,1,1,3,3,0,Critical
SC-0271,4,2,1,0,3,3,1,Critical
SC-0272,4,2,1,0,3,3,1,Critical
SC-0273,4,2,1,0,3,2,1,High
SC-0274,4,2,0,1,5,4,0,High
SC-0275,4,2,0,1,5,4,0,High
SC-0276,4,2,0,1,5,4,0,High
SC-0277,5,2,0,0,4,4,1,Critical
SC-0278,5,2,0,0,4,4,1,Critical
SC-0279,5,2,0,0,4,4,1,Critical
SC-0280,4,2,0,0,4,3,0,High
SC-0281,4,2,0,0,4,3,0,High
SC-0282,4,2,0,0,4,3,0,High
SC-0283,5,2,0,0,3,3,1,Critical
SC-0284,4,2,0,0,3,3,1,High
SC-0285,4,2,0,0,3,3,1,High
SC-0286,4,2,0,0,4,2,0,High
SC-0287,3,2,1,0,4,2,0,High
SC-0288,4,0,0,1,4,2,0,Medium
SC-0289,3,0,1,0,5,2,0,Medium
SC-0290,4,0,0,0,5,2,0,Medium
SC-0291,4,2,0,0,5,2,0,High
SC-0292,5,3,1,1,4,2,0,Critical
SC-0293,5,3,1,1,4,2,0,Critical
SC-0294,5,3,1,1,4,2,0,Critical
SC-0295,5,2,0,1,3,2,0,Critical
SC-0296,5,0,0,1,3,2,0,High
SC-0297,5,0,0,1,3,2,0,High
SC-0298,5,3,1,1,4,2,0,Critical
SC-0299,5,3,1,1,4,2,0,Critical
SC-0300,5,3,1,1,4,2,0,Critical
SC-0301,3,3,1,1,3,3,0,Critical
SC-0302,3,3,1,1,3,3,0,Critical
SC-0304,4,2,0,0,3,3,0,High
SC-0306,4,2,0,0,3,3,0,High
SC-0307,3,0,1,0,3,3,0,Medium
SC-0308,4,1,1,0,3,3,0,High
SC-0309,3,0,0,0,3,3,0,Medium
SC-0310,4,2,1,1,7,4,0,Critical
SC-0311,5,2,1,0,7,4,1,Critical
SC-0312,4,2,1,0,7,4,0,Critical
SC-0313,4,2,0,0,6,4,0,High
SC-0315,4,2,0,1,6,4,0,Critical
SC-0316,5,2,0,1,6,4,0,Critical
SC-0317,5,1,0,1,6,4,0,Critical
SC-0318,5,2,0,1,6,4,0,Critical
SC-0319,5,1,1,0,6,4,1,Critical
SC-0320,4,1,1,1,6,4,0,Critical
SC-0321,4,2,1,0,6,4,0,Critical
SC-0322,4,2,0,0,5,3,0,High
SC-0323,4,2,0,1,5,3,0,High
SC-0324,4,2,0,0,5,3,0,High
SC-0325,4,2,0,0,6,4,0,High
SC-0326,4,2,0,0,6,4,0,High
SC-0327,5,2,0,0,6,4,1,Critical
SC-0328,3,2,0,0,6,3,0,High
SC-0329,4,1,0,0,6,4,0,High
SC-0330,4,0,0,1,6,4,0,High
SC-0331,3,2,0,0,6,4,0,High
SC-0333,3,2,0,0,6,4,0,High
SC-0334,4,1,0,0,6,4,0,High
SC-0335,4,2,0,0,6,4,0,High
SC-0336,5,1,0,0,6,4,1,Critical
SC-0338,4,2,0,1,6,4,0,Critical
SC-0339,5,2,0,1,6,4,1,Critical
SC-0340,4,0,0,1,8,6,0,High
SC-0341,4,2,0,0,8,5,0,High
SC-0342,4,2,0,0,8,6,0,High
SC-0343,4,2,0,0,7,4,0,High
SC-0344,5,2,0,0,7,4,1,Critical
SC-0345,4,2,0,0,7,4,0,High
SC-0346,5,1,0,1,6,4,1,Critical
SC-0347,5,1,0,1,6,4,1,Critical
SC-0348,5,2,0,1,6,4,1,Critical
SC-0349,3,2,1,0,3,3,0,High
SC-0351,4,2,1,0,3,3,0,High
SC-0352,4,2,1,0,8,5,0,Critical
SC-0353,4,2,1,0,8,5,0,Critical
SC-0354,4,2,1,0,8,5,0,Critical
SC-0355,5,3,0,1,4,3,1,Critical
SC-0356,5,3,0,1,4,3,1,Critical
SC-0357,5,3,0,1,4,3,1,Critical
SC-0358,4,2,0,1,7,5,1,Critical
SC-0359,4,2,0,0,7,4,1,Critical
SC-0360,4,2,0,0,7,5,1,Critical
SC-0361,5,2,0,0,8,6,1,Critical
SC-0363,5,2,0,0,8,6,0,Critical
SC-0365,4,2,0,0,6,4,1,Critical
SC-0366,5,2,0,0,6,4,1,Critical
SC-0367,5,3,1,1,3,3,0,Critical
SC-0368,5,3,1,1,3,3,0,Critical
SC-0369,5,3,1,1,3,3,1,Critical
SC-0370,3,2,1,0,7,5,0,High
SC-0372,5,2,1,0,7,5,1,Critical
SC-0373,4,2,0,0,4,2,0,High
SC-0374,4,0,0,1,4,2,0,Medium
SC-0375,3,0,1,0,4,2,0,Medium
SC-0376,3,2,1,0,3,2,0,High
SC-0377,3,0,0,0,3,2,0,Low
SC-0378,4,1,0,0,6,2,0,High
SC-0379,4,0,0,0,6,2,0,Medium
SC-0380,3,0,0,0,6,2,0,Medium
SC-0381,4,2,0,0,5,2,0,High
SC-0382,3,0,0,0,5,2,0,Medium
SC-0383,4,0,0,1,5,2,0,Medium
SC-0384,4,2,0,1,7,5,0,Critical
SC-0385,4,2,0,0,7,5,0,High
SC-0386,4,2,0,0,7,5,0,High
SC-0390,5,1,0,0,6,3,1,High
SC-0391,5,2,0,0,6,4,1,Critical
SC-0392,5,2,0,0,6,4,1,Critical
SC-0393,4,2,0,1,6,4,0,Critical
SC-0394,4,2,0,0,6,4,0,High
SC-0395,4,2,0,0,6,4,0,High
SC-0396,4,2,0,0,3,3,1,High
SC-0397,4,1,0,0,3,2,1,High
SC-0398,4,2,0,0,3,3,1,High
SC-0399,4,1,0,0,6,4,1,High
SC-0400,4,1,0,1,6,4,1,Critical
SC-0401,5,1,0,0,6,4,1,Critical
SC-0402,5,1,0,1,6,4,1,Critical
SC-0403,5,1,0,0,6,4,1,Critical
SC-0404,5,1,0,0,6,4,1,Critical
SC-0405,4,2,1,0,6,4,0,Critical
SC-0406,4,2,1,0,6,4,0,Critical
SC-0407,5,2,1,0,6,4,1,Critical
SC-0408,5,2,0,1,9,6,1,Critical
SC-0409,5,2,0,1,9,6,1,Critical
SC-0410,5,2,0,1,9,6,1,Critical
SC-0411,4,2,0,0,6,4,0,High
SC-0412,4,2,0,0,6,4,0,High
SC-0413,5,2,0,0,6,4,1,Critical
SC-0415,5,1,1,0,7,4,1,Critical
SC-0416,4,2,1,0,7,4,0,Critical
SC-0417,5,1,0,0,6,4,1,Critical
SC-0418,4,1,0,0,6,4,0,High
SC-0419,4,1,0,0,6,4,0,High
SC-0420,5,2,0,0,6,3,1,Critical
SC-0421,5,2,0,1,6,4,0,Critical
SC-0422,5,2,0,0,6,4,0,Critical
SC-0423,4,1,0,1,6,4,0,High
SC-0425,4,1,0,0,6,3,0,High
SC-0426,4,2,1,0,4,4,0,Critical
SC-0429,5,3,0,1,6,4,1,Critical
SC-0431,5,3,0,1,6,4,1,Critical
SC-0432,5,2,1,0,6,4,1,Critical
SC-0433,5,1,1,0,6,4,1,Critical
SC-0434,5,2,1,0,6,4,1,Critical
SC-0435,5,2,0,0,6,3,0,Critical
SC-0436,5,1,0,0,6,3,0,High
SC-0437,5,2,0,0,6,3,0,Critical
SC-0438,4,2,0,0,7,5,0,High
SC-0439,4,2,0,0,7,5,0,High
SC-0440,4,2,0,0,7,5,0,High
SC-0441,4,1,1,0,6,4,0,High
SC-0442,3,2,1,0,6,4,0,High
SC-0443,4,2,1,0,6,4,0,Critical
SC-0444,5,3,0,1,5,3,0,Critical
SC-0445,5,3,0,1,5,3,1,Critical
SC-0446,5,3,0,1,5,3,0,Critical
SC-0448,5,1,0,1,7,5,1,Critical
SC-0449,5,2,0,1,7,5,1,Critical
SC-0450,4,2,0,1,6,4,0,Critical
SC-0451,4,2,0,1,6,4,0,Critical
SC-0452,4,2,0,1,6,4,0,Critical
SC-0453,4,2,0,0,6,4,0,High
SC-0454,3,2,0,0,6,4,0,High
SC-0455,4,1,0,0,6,4,0,High
SC-0456,5,2,0,0,7,5,0,Critical
SC-0458,5,1,0,0,7,4,1,Critical
SC-0459,4,0,1,0,5,2,0,High
SC-0460,4,2,1,0,5,3,0,High
SC-0461,4,2,1,0,5,3,0,High
SC-0462,4,2,1,0,5,3,0,High
SC-0463,4,2,0,0,4,3,0,High
SC-0464,4,2,0,0,4,3,0,High
SC-0465,3,2,0,0,4,2,0,Medium
SC-0466,4,1,0,0,4,2,0,Medium
SC-0467,5,1,0,1,4,3,0,High
SC-0468,5,1,0,1,4,3,0,High
SC-0469,5,1,0,0,4,2,0,High
SC-0470,4,1,1,0,4,3,0,High
SC-0471,4,1,1,0,4,2,0,High
SC-0472,2,1,1,0,4,2,0,Medium
SC-0473,4,1,1,0,4,3,0,High
SC-0474,4,2,0,0,3,2,0,High
SC-0475,4,2,0,0,3,2,0,High
SC-0476,4,2,0,0,3,2,0,High
SC-0477,4,2,0,0,4,3,0,High
SC-0478,4,2,0,0,4,3,0,High
SC-0479,4,2,0,0,4,3,0,High
SC-0480,4,2,0,0,4,2,0,High
SC-0481,3,0,0,0,4,3,0,Medium
SC-0482,3,0,0,0,4,3,0,Medium
SC-0483,3,0,0,0,4,2,0,Medium
SC-0484,3,2,0,0,4,2,0,Medium
SC-0485,3,2,0,0,4,3,0,High
SC-0486,3,2,0,0,4,2,0,Medium
SC-0487,3,2,0,0,4,3,0,High
SC-0488,2,0,0,0,4,2,0,Low
SC-0489,3,0,0,0,4,3,0,Medium
SC-0490,3,0,0,0,4,3,0,Medium
SC-0491,3,0,0,0,4,3,0,Medium
SC-0492,4,2,0,1,4,3,0,High
SC-0493,4,2,0,1,4,3,0,High
SC-0494,4,2,0,1,4,3,0,High
SC-0495,4,0,0,0,6,5,0,High
SC-0496,4,0,0,0,6,4,0,High
SC-0497,4,0,0,0,6,4,0,High
SC-0498,4,0,0,0,6,4,0,High
SC-0499,4,2,0,0,5,3,0,High
SC-0500,4,2,0,0,5,3,0,High
SC-0501,2,2,0,0,5,2,0,Medium
SC-0502,4,2,0,0,5,3,0,High
SC-0503,3,0,1,1,4,2,0,High
SC-0504,5,1,0,1,4,3,1,Critical
SC-0505,5,1,0,0,4,2,1,High
SC-0506,5,1,0,1,4,3,1,Critical
SC-0507,4,2,1,0,6,4,0,Critical
SC-0508,3,2,1,0,6,3,0,High
SC-0509,4,2,1,0,6,4,0,Critical
SC-0510,4,2,1,0,6,4,0,Critical
SC-0511,4,2,0,0,5,4,1,High
SC-0512,4,2,0,0,5,4,1,High
SC-0513,4,2,0,0,5,4,1,High
SC-0514,3,2,0,0,5,3,0,High
SC-0515,5,2,0,0,6,5,0,Critical
SC-0516,5,2,0,0,6,5,0,Critical
SC-0517,5,2,0,0,6,5,0,Critical
SC-0518,5,2,0,0,6,4,0,Critical
SC-0519,4,2,0,0,4,3,1,High
SC-0520,4,2,0,0,4,3,1,High
SC-0521,4,0,0,0,4,2,1,Medium
SC-0522,4,2,0,0,4,2,0,High
SC-0523,3,2,1,0,5,3,0,High
SC-0524,3,2,1,0,5,4,0,High
SC-0525,2,2,1,0,5,3,0,High
SC-0526,3,2,1,0,5,3,0,High
SC-0527,1,0,0,0,4,1,0,Low
SC-0528,1,0,0,0,4,1,0,Low
SC-0529,1,0,0,0,3,1,0,Low
SC-0530,1,0,0,0,3,1,0,Low
SC-0531,1,0,0,0,3,1,0,Low
SC-0532,4,2,0,0,5,3,0,High
SC-0533,4,2,0,0,5,4,0,High
SC-0534,4,2,0,0,5,3,0,High
SC-0535,4,2,0,0,5,4,0,High
SC-0538,4,0,1,0,4,2,0,High
SC-0540,3,1,0,0,4,2,0,Medium
SC-0541,5,1,0,0,4,3,1,High
SC-0542,5,1,0,0,4,3,1,High
SC-0543,5,0,0,0,4,2,1,High
SC-0544,4,2,0,0,4,3,0,High
SC-0545,3,1,1,0,4,2,0,High
SC-0546,4,2,0,0,4,3,0,High
SC-0547,4,2,0,0,4,3,0,High
SC-0548,4,1,0,0,4,3,1,High
SC-0549,4,1,0,0,4,3,1,High
SC-0550,4,1,0,0,4,3,1,High
SC-0551,3,0,1,0,4,2,0,Medium
SC-0552,5,1,0,0,4,3,1,High
SC-0553,5,1,0,0,4,3,1,High
SC-0554,4,2,1,0,4,3,0,High
SC-0555,4,2,1,0,4,3,0,High
SC-0556,4,2,1,0,4,3,0,High
SC-0557,2,0,1,0,4,2,0,Medium
SC-0558,5,2,0,1,7,5,1,Critical
SC-0559,5,2,0,0,7,4,1,Critical
SC-0560,5,2,0,1,7,5,1,Critical
SC-0561,5,2,0,1,7,5,1,Critical
SC-0562,2,2,0,0,4,2,0,Medium
SC-0563,4,0,0,0,4,2,0,Medium
SC-0564,4,2,0,0,4,3,0,High
SC-0565,4,2,0,0,4,3,0,High
SC-0566,4,1,1,0,5,3,0,High
SC-0567,4,1,1,0,5,3,0,High
SC-0568,4,1,1,0,5,3,0,High
SC-0569,4,1,1,0,5,2,0,High
SC-0570,3,1,0,0,4,3,0,Medium
SC-0571,3,1,1,0,4,3,0,High
SC-0572,3,1,0,0,4,3,0,Medium
SC-0573,5,2,0,0,4,3,0,Critical
SC-0574,5,0,1,0,4,2,0,High
SC-0575,5,2,0,0,4,3,0,Critical
SC-0576,5,2,0,0,4,3,0,Critical
SC-0577,4,1,0,0,4,3,0,High
SC-0578,4,1,0,0,4,3,0,High
SC-0579,4,1,0,0,4,3,0,High
SC-0580,5,3,0,1,4,2,0,Critical
SC-0581,5,3,0,1,4,3,1,Critical
SC-0582,5,3,0,1,4,3,1,Critical
SC-0583,5,1,1,0,4,3,1,Critical
SC-0584,5,1,1,0,4,2,1,Critical
SC-0585,5,1,1,0,4,3,1,Critical
SC-0586,5,1,1,0,4,3,1,Critical
SC-0587,5,1,0,0,4,2,0,High
SC-0588,5,1,0,0,4,2,0,High
SC-0589,5,0,1,0,4,2,0,High
SC-0590,5,1,0,0,4,2,0,High
SC-0591,4,2,0,0,5,3,0,High
SC-0592,4,2,0,0,5,4,0,High
SC-0593,4,2,0,0,5,4,0,High
SC-0594,4,2,0,0,5,3,0,High
SC-0595,3,0,1,0,4,3,0,Medium
SC-0596,3,0,1,0,4,2,0,Medium
SC-0597,3,0,1,0,4,3,0,Medium
SC-0598,5,3,0,1,3,1,0,Critical
SC-0599,5,3,0,1,3,2,0,Critical
SC-0600,5,3,0,1,3,2,0,Critical
SC-0601,5,3,0,1,3,2,0,Critical
SC-0602,3,0,0,1,5,3,0,Medium
SC-0603,5,1,0,1,5,4,1,Critical
SC-0604,5,1,0,1,5,3,1,Critical
SC-0605,5,1,0,0,5,3,1,High
SC-0606,4,2,0,1,4,3,0,High
SC-0607,4,2,0,1,4,3,0,High
SC-0608,4,2,0,1,4,3,0,High
SC-0609,2,0,1,0,4,3,0,Medium
SC-0610,2,0,0,0,4,3,0,Medium
SC-0611,2,0,0,0,4,2,0,Low
SC-0612,5,1,0,0,5,3,0,High
SC-0613,5,1,0,0,5,4,0,High
SC-0614,5,1,0,0,5,4,0,High
SC-0615,4,1,0,0,5,3,0,High
SC-0616,5,2,1,1,3,3,1,Critical
SC-0617,5,2,1,0,3,2,1,Critical
SC-0618,5,2,1,1,3,3,1,Critical
SC-0619,5,2,1,1,3,2,1,Critical
SC-0620,5,3,1,1,3,1,0,Critical
SC-0621,5,3,1,1,3,1,0,Critical
SC-0622,5,3,1,1,3,1,0,Critical
SC-0623,5,3,1,1,3,1,0,Critical
SC-0624,5,0,1,1,3,3,1,Critical
SC-0625,5,0,1,0,3,3,1,High
SC-0626,4,0,1,1,3,3,1,High
SC-0627,5,0,1,1,3,3,1,Critical
SC-0628,4,0,1,0,3,1,0,Medium
SC-0629,4,0,1,0,3,1,0,Medium
SC-0630,4,0,1,0,3,1,0,Medium
SC-0631,4,0,1,0,3,1,0,Medium
SC-0632,5,2,1,1,5,5,1,Critical
SC-0633,5,2,1,1,5,5,1,Critical
SC-0634,4,2,1,1,5,5,1,Critical
SC-0635,5,3,1,1,3,3,1,Critical
SC-0636,5,3,1,1,3,3,1,Critical
SC-0637,5,3,1,1,3,3,1,Critical
SC-0638,5,3,1,1,3,3,1,Critical
SC-0639,5,2,1,1,5,5,1,Critical
SC-0640,4,2,1,1,5,5,1,Critical
SC-0641,5,2,1,1,5,5,1,Critical
SC-0642,5,2,1,0,5,5,1,Critical
SC-0643,5,1,1,0,3,2,1,High
SC-0644,5,1,1,1,3,3,1,Critical
SC-0645,5,1,1,1,3,3,1,Critical
SC-0646,5,2,1,1,3,3,1,Critical
SC-0647,5,1,1,0,3,3,1,Critical
SC-0648,4,2,1,1,3,3,1,Critical
SC-0649,5,2,1,1,3,3,1,Critical
SC-0650,5,2,1,1,3,3,1,Critical
SC-0651,5,2,1,0,3,3,1,Critical
SC-0652,4,2,1,1,3,3,1,Critical
SC-0653,5,2,1,0,3,3,1,Critical
SC-0654,5,2,1,0,3,3,1,Critical
SC-0655,5,2,1,0,3,3,1,Critical
SC-0656,4,2,1,0,3,3,1,Critical
SC-0657,5,2,0,0,3,3,1,Critical
SC-0658,4,2,0,0,3,2,0,High
SC-0659,5,2,0,0,3,3,1,Critical
SC-0660,5,2,0,0,3,2,1,Critical
SC-0661,4,2,0,1,3,2,0,High
SC-0662,4,2,0,0,3,3,0,High
SC-0663,3,2,0,1,3,2,0,High
SC-0664,4,2,0,1,3,3,0,High
SC-0665,1,0,0,0,3,1,0,Low
SC-0666,1,0,0,0,3,1,0,Low
SC-0667,1,0,0,0,3,1,0,Low
SC-0668,5,2,0,0,3,1,1,Critical
SC-0669,4,1,1,0,3,1,0,High
SC-0670,3,2,1,0,3,1,0,High
SC-0671,4,0,1,1,3,1,0,High
SC-0672,1,0,1,0,3,1,0,Low
SC-0673,1,0,0,0,3,1,0,Low
SC-0674,3,2,0,0,3,1,0,Medium
SC-0675,3,2,1,0,3,1,0,High
SC-0676,3,2,1,0,3,1,0,High
SC-0677,4,0,0,0,3,1,0,Medium
SC-0678,4,2,1,0,3,1,0,High
SC-0679,4,1,1,0,3,1,0,High
SC-0680,3,1,1,0,3,1,0,Medium
SC-0681,5,3,0,1,3,1,0,Critical
SC-0682,2,2,0,0,3,1,0,Medium
SC-0683,2,2,1,0,3,1,0,Medium
SC-0684,2,3,0,0,3,1,0,High
SC-0685,2,3,1,0,3,1,0,Critical
SC-0686,3,2,1,0,3,1,0,High
SC-0687,3,2,0,1,3,1,0,Medium
SC-0688,5,2,0,1,2,2,1,High
SC-0689,5,3,1,1,2,2,0,Critical
SC-0690,5,1,1,1,2,2,0,High
SC-0691,5,1,1,0,2,2,0,High
SC-0693,5,0,0,0,2,2,0,Medium
SC-0694,5,3,1,1,2,2,0,Critical
SC-0695,5,1,0,0,2,2,0,Medium
SC-0696,5,3,0,1,2,2,0,High
SC-0697,5,0,0,1,2,2,0,Medium
SC-0698,5,1,0,0,2,2,0,Medium
SC-0699,5,1,1,0,2,2,1,High
SC-0700,5,1,1,0,2,2,1,High
SC-0701,5,2,0,0,2,2,0,High
SC-0702,5,1,1,0,2,2,1,High
SC-0703,5,1,1,0,2,2,1,High
SC-0704,5,2,0,0,2,2,1,High
SC-0705,5,1,1,0,2,2,0,High
SC-0706,5,1,0,0,2,2,0,Medium
SC-0707,5,1,1,1,2,2,1,Critical
SC-0708,5,1,1,0,2,2,0,High
SC-0709,5,0,1,0,2,2,1,High
SC-0710,5,2,1,0,2,2,1,Critical
SC-0711,5,0,1,0,2,2,0,High
SC-0712,5,2,0,0,2,2,0,High
SC-0713,5,2,1,0,2,2,1,Critical
SC-0714,5,1,0,0,2,2,1,High
SC-0715,4,0,1,0,2,2,1,High
SC-0716,4,1,1,1,2,2,0,High
SC-0717,4,1,0,1,2,2,0,Medium
SC-0718,4,0,0,0,2,2,0,Medium
SC-0719,4,2,0,0,2,2,0,Medium
SC-0720,4,0,0,0,2,2,0,Medium
SC-0721,4,2,1,0,2,2,0,High
SC-0722,4,0,1,0,2,2,0,Medium
SC-0723,4,2,1,1,2,2,1,Critical
SC-0724,4,0,1,0,2,2,0,Medium
SC-0725,4,0,0,0,2,2,0,Medium
SC-0726,4,0,1,0,2,2,0,Medium
SC-0727,4,1,1,1,2,2,0,High
SC-0728,4,1,0,0,2,2,0,Medium
SC-0729,4,0,1,0,2,2,0,Medium
SC-0730,4,2,0,0,2,2,1,High
SC-0732,4,2,0,0,2,2,1,High
SC-0733,4,2,0,0,2,2,1,High
SC-0734,4,2,1,0,2,2,1,High
SC-0735,4,2,1,0,2,2,1,High
SC-0736,4,2,1,0,2,2,1,High
SC-0737,4,2,1,0,2,2,1,High
SC-0738,4,2,0,0,2,2,1,High
SC-0739,4,1,1,0,2,2,0,High
SC-0740,4,1,1,0,2,2,0,High
SC-0741,4,1,0,0,2,2,0,Medium
SC-0742,4,0,1,0,2,2,0,Medium
SC-0743,4,2,1,0,2,2,0,High
SC-0744,4,1,1,0,2,2,0,High
SC-0745,4,1,1,0,2,2,0,High
SC-0746,4,1,1,0,2,2,0,High
SC-0747,4,2,1,0,2,2,0,High
SC-0748,4,2,1,0,2,2,0,High
SC-0749,4,2,1,0,2,2,0,High
SC-0750,4,1,1,0,2,2,0,High
SC-0751,4,0,1,0,2,2,0,Medium
SC-0752,4,0,1,0,2,2,0,Medium
SC-0754,4,0,1,0,2,2,0,Medium
SC-0755,4,0,1,0,2,2,0,Medium
SC-0756,4,2,0,0,2,2,1,High
SC-0757,4,2,1,0,2,2,0,High
SC-0758,4,1,1,0,2,2,0,High
SC-0759,4,1,0,0,2,2,1,Medium
SC-0760,4,2,1,0,2,2,0,High
SC-0761,4,2,1,0,2,2,0,High
SC-0762,4,2,1,0,2,2,1,High
SC-0763,4,2,0,0,2,2,0,Medium
SC-0764,4,1,1,1,2,2,0,High
SC-0765,4,3,1,1,2,2,1,Critical
SC-0766,4,2,0,0,2,2,1,High
SC-0767,4,0,1,0,2,2,0,Medium
SC-0768,4,0,1,0,2,2,1,High
SC-0769,4,1,1,0,2,2,0,High
SC-0770,4,2,1,0,2,2,1,High
SC-0771,4,0,1,0,2,2,0,Medium
SC-0772,4,2,1,0,2,2,0,High
SC-0773,4,2,1,0,2,2,0,High
SC-0774,4,2,1,0,2,2,0,High
SC-0775,4,2,1,0,2,2,0,High
SC-0776,4,2,0,0,2,2,0,Medium
SC-0777,4,1,1,0,2,2,0,High
SC-0778,4,2,0,0,2,2,0,Medium
SC-0779,4,0,1,0,2,2,0,Medium
SC-0780,4,0,1,0,2,2,0,Medium
SC-0781,4,2,1,0,2,2,0,High
SC-0782,4,2,1,0,2,2,0,High
SC-0783,4,2,1,0,2,2,0,High
SC-0784,4,2,0,0,2,2,0,Medium
SC-0785,4,0,1,0,2,2,0,Medium
SC-0786,4,0,1,0,2,2,0,Medium
SC-0787,4,2,1,0,2,2,0,High
SC-0788,4,3,1,1,2,2,0,Critical
SC-0789,4,2,0,0,2,2,0,Medium
SC-0790,4,2,1,0,2,2,0,High
SC-0791,4,0,0,0,2,2,0,Medium
SC-0792,4,1,1,0,2,2,0,High
SC-0793,4,0,1,0,2,2,0,Medium
SC-0794,4,2,1,0,2,2,0,High
SC-0795,4,2,0,0,2,2,0,Medium
SC-0796,4,1,1,0,2,2,0,High
SC-0797,4,2,1,0,2,2,0,High
SC-0798,4,2,1,0,2,2,0,High
SC-0799,4,2,1,0,2,2,0,High
SC-0800,4,0,1,0,2,2,0,Medium
SC-0801,4,2,1,0,2,2,0,High
SC-0802,4,2,0,0,2,2,0,Medium
SC-0803,4,2,1,0,2,2,0,High
SC-0804,4,3,1,0,2,2,0,Critical
SC-0805,4,2,0,0,2,2,0,Medium
SC-0806,4,0,0,0,2,2,0,Medium
SC-0807,3,2,1,0,2,2,0,High
SC-0808,3,2,0,0,2,2,0,Medium
SC-0809,3,1,0,0,2,2,0,Medium
SC-0810,3,1,1,1,2,2,0,High
SC-0811,3,2,1,0,2,2,0,High
SC-0812,3,0,0,0,2,2,0,Low
SC-0813,3,1,0,0,2,2,0,Medium
SC-0814,3,1,1,0,2,2,0,Medium
SC-0815,3,2,0,0,2,2,0,Medium
SC-0816,3,1,1,0,2,2,0,Medium
SC-0817,3,1,0,0,2,2,0,Medium
SC-0818,3,1,1,0,2,2,0,Medium
SC-0819,3,1,1,0,2,2,0,Medium
SC-0820,3,2,1,0,2,2,0,High
SC-0821,3,1,1,0,2,2,0,Medium
SC-0822,3,3,0,1,2,2,0,High
SC-0823,3,2,0,0,2,2,0,Medium
SC-0824,3,1,1,0,2,2,0,Medium
SC-0825,3,1,1,0,2,2,0,Medium
SC-0826,3,3,0,0,2,2,0,High
SC-0827,3,1,1,0,2,2,0,Medium
SC-0828,3,1,1,0,2,2,0,Medium
SC-0829,3,2,1,0,2,2,0,High
SC-0830,3,2,0,0,2,2,0,Medium
SC-0831,3,3,0,1,2,2,0,High
SC-0832,3,2,0,0,2,2,0,Medium
SC-0833,3,2,0,0,2,2,0,Medium
SC-0834,3,0,0,1,2,2,0,Medium
SC-0835,3,2,1,0,2,2,0,High
SC-0836,3,3,0,1,2,2,0,High
SC-0837,3,1,1,0,2,2,0,Medium
SC-0838,3,2,1,0,2,2,0,High
SC-0839,3,1,1,0,2,2,0,Medium
SC-0840,3,2,1,0,2,2,0,High
SC-0841,3,3,0,1,2,2,0,High
SC-0842,3,0,1,1,2,2,0,Medium
SC-0843,3,0,0,0,2,2,0,Low
SC-0844,3,0,1,0,2,2,0,Medium
SC-0845,3,2,1,0,2,2,0,High
SC-0846,3,3,1,1,2,2,0,Critical
SC-0847,3,3,0,1,2,2,0,High
SC-0848,3,3,0,0,2,2,0,High
SC-0849,3,3,0,1,2,2,0,High
SC-0850,3,0,1,0,2,2,0,Medium
SC-0851,3,1,1,0,2,2,0,Medium
SC-0852,3,1,1,0,2,2,0,Medium
SC-0853,3,1,0,0,2,2,0,Medium
SC-0854,3,1,1,0,2,2,0,Medium
SC-0855,3,2,1,0,2,2,0,High
SC-0856,2,0,1,0,2,2,0,Medium
SC-0857,2,2,1,0,2,2,0,Medium
SC-0858,2,3,0,0,2,2,0,High
SC-0859,2,2,0,0,2,2,0,Medium
SC-0860,2,0,1,0,2,2,0,Medium
SC-0861,2,3,0,0,2,2,0,High
SC-0862,5,1,1,0,5,5,1,Critical
SC-0863,5,1,1,0,5,4,0,Critical
SC-0864,5,1,1,1,3,3,0,Critical
SC-0865,5,2,1,0,5,5,0,Critical
SC-0866,4,2,0,0,5,5,0,High
SC-0867,5,3,0,1,3,3,0,Critical
SC-0868,5,2,0,0,4,4,1,Critical
SC-0869,4,2,1,0,3,3,0,High
SC-0870,4,2,1,0,3,3,1,Critical
SC-0871,5,3,0,1,3,3,0,Critical
SC-0872,4,1,1,0,3,3,0,High
SC-0873,4,2,0,1,5,4,1,Critical
SC-0874,4,2,1,0,4,4,1,Critical
SC-0875,5,3,0,1,4,4,0,Critical
SC-0876,5,3,1,0,3,3,0,Critical
SC-0877,3,2,0,0,4,4,0,High
SC-0878,4,2,1,0,4,3,0,High
SC-0879,3,1,0,0,3,1,0,Medium
SC-0880,5,3,1,1,5,4,0,Critical
SC-0881,4,2,0,0,5,4,0,High
SC-0882,5,2,1,0,3,3,1,Critical
SC-0886,4,1,1,0,3,2,1,High
SC-0887,4,2,1,1,5,5,0,Critical
SC-0889,4,2,0,0,3,3,0,High
SC-0890,5,2,1,0,3,3,0,Critical
SC-0891,5,2,1,0,5,4,0,Critical
SC-0892,3,2,0,0,5,5,0,High
SC-0894,4,2,0,0,3,3,0,High
SC-0895,5,1,0,0,4,4,1,High
SC-0896,4,2,0,0,3,2,0,High
SC-0897,4,2,0,0,3,3,0,High
SC-0898,4,1,1,0,3,3,0,High
SC-0899,5,3,0,1,5,5,0,Critical
SC-0900,5,3,0,1,4,4,0,Critical
SC-0901,5,3,0,1,3,3,0,Critical
SC-0902,4,2,1,0,4,4,0,Critical
SC-0903,4,2,1,0,3,2,1,High
SC-0904,4,2,1,1,5,4,1,Critical
SC-0905,5,2,1,0,3,3,0,Critical
SC-0908,4,0,1,0,3,2,0,Medium
SC-0909,4,1,1,0,3,3,0,High
SC-0910,4,2,0,0,5,5,0,High
SC-0912,3,2,1,0,5,2,0,High
SC-0913,4,0,0,0,4,3,0,Medium
SC-0914,5,1,0,0,5,5,1,High
SC-0915,5,2,0,0,3,3,1,Critical
SC-0916,5,1,1,0,3,3,0,High
SC-0917,5,1,1,0,3,3,1,Critical
SC-0919,4,2,0,0,4,4,0,High
SC-0920,4,3,1,1,5,4,1,Critical
SC-0921,4,3,0,1,3,3,0,High
SC-0922,5,3,0,1,3,3,1,Critical
SC-0923,4,0,0,0,3,3,0,Medium
SC-0924,5,1,0,0,3,3,0,High
SC-0925,4,2,0,0,4,4,0,High
SC-0926,5,2,0,0,5,5,0,Critical
SC-0927,4,2,0,0,3,3,0,High
SC-0928,5,1,0,1,4,4,0,High
SC-0930,4,2,0,0,4,4,0,High
SC-0932,5,3,0,1,3,3,0,Critical
SC-0935,4,1,1,0,5,4,0,High
SC-0936,5,1,1,0,5,5,0,Critical
SC-0937,4,2,0,0,3,3,0,High
SC-0938,5,3,1,1,5,4,0,Critical
SC-0939,5,2,0,0,5,5,0,Critical
SC-0940,3,2,1,0,3,3,0,High
SC-0942,3,1,1,0,3,3,0,High
SC-0945,5,0,1,1,3,3,0,High
SC-0947,5,3,1,1,4,4,0,Critical
SC-0951,5,3,0,1,4,4,0,Critical
SC-0952,5,1,0,0,3,3,0,High
SC-0953,4,2,0,0,4,4,0,High
SC-0954,4,2,1,0,4,4,1,Critical
SC-0955,5,1,1,0,5,4,1,Critical
SC-0956,5,1,1,0,3,3,0,High
SC-0957,3,0,0,0,3,3,0,Medium
SC-0958,4,2,0,1,5,4,1,Critical
SC-0960,4,1,1,0,5,5,0,High
SC-0961,5,2,0,0,5,5,1,Critical
SC-0962,3,2,1,0,3,3,0,High
SC-0963,4,1,0,0,4,4,0,High
SC-0965,3,2,1,0,3,3,0,High
SC-0967,4,1,0,0,4,4,0,High
SC-0968,5,1,0,0,5,5,1,High
SC-0969,3,2,1,0,4,4,0,High
SC-0971,4,2,0,0,4,4,0,High
SC-0973,4,1,1,0,3,3,0,High
SC-0974,4,2,0,0,3,3,1,High
SC-0975,4,2,0,0,3,3,0,High
SC-0976,5,1,0,0,3,3,0,High
SC-0977,5,2,0,0,3,3,1,Critical
SC-0978,5,2,0,0,3,3,0,Critical
SC-0979,5,1,0,0,4,4,1,High
SC-0981,5,2,1,0,5,5,1,Critical
SC-0984,4,0,1,1,4,4,1,Critical
SC-0986,5,1,0,0,4,3,0,High
SC-0987,4,2,0,0,3,3,0,High
SC-0988,4,0,1,0,3,3,0,High
SC-0989,4,1,0,1,3,3,0,High
SC-0991,5,2,0,0,5,5,1,Critical
SC-0992,5,2,0,0,5,4,0,Critical
SC-0993,5,2,1,1,5,5,1,Critical
SC-0994,4,2,0,0,5,5,0,High
SC-0995,4,2,0,1,4,4,1,Critical
SC-0996,5,3,1,1,5,5,1,Critical
SC-0998,5,3,0,1,5,5,1,Critical
SC-0999,5,1,0,0,5,5,1,High
SC-1000,5,3,1,1,3,2,0,Critical
SC-1001,5,3,1,1,3,2,0,Critical
SC-1002,5,1,1,0,2,2,0,High
SC-1003,5,1,0,0,3,2,0,High
SC-1004,5,2,0,1,3,2,0,Critical
SC-1006,5,3,1,1,3,2,0,Critical
SC-1007,5,3,0,1,3,2,0,Critical
SC-1008,5,3,1,0,2,2,0,Critical
SC-1009,5,3,1,0,3,2,0,Critical
SC-1010,5,3,0,1,3,2,0,Critical
SC-1011,5,0,0,0,3,2,1,High
SC-1012,5,0,0,0,3,2,1,High
SC-1013,5,2,0,0,3,2,0,Critical
SC-1014,5,2,0,0,3,2,0,Critical
SC-1015,5,2,0,0,4,2,0,Critical
SC-1016,5,1,1,0,2,2,0,High
SC-1017,5,1,0,0,2,2,0,Medium
SC-1018,5,2,1,0,4,2,1,Critical
SC-1019,5,1,1,0,3,2,0,High
SC-1020,5,1,1,1,4,2,0,Critical
SC-1021,5,1,1,0,4,2,1,Critical
SC-1022,5,0,1,0,2,2,0,High
SC-1023,5,2,1,0,2,2,1,Critical
SC-1024,5,2,1,0,3,2,1,Critical
SC-1025,5,2,1,0,3,2,1,Critical
SC-1026,5,2,1,0,3,2,0,Critical
SC-1027,5,1,1,0,3,2,1,High
SC-1028,4,0,1,0,3,2,1,High
SC-1029,4,2,1,0,2,2,0,High
SC-1030,4,1,1,0,3,2,0,High
SC-1031,4,0,0,0,2,2,0,Medium
SC-1032,4,2,1,0,4,2,0,High
SC-1033,4,2,1,0,2,2,0,High
SC-1034,4,2,1,0,2,2,0,High
SC-1035,4,1,1,1,3,2,0,High
SC-1036,4,2,1,0,3,2,0,High
SC-1037,4,0,1,0,4,2,0,High
SC-1038,4,3,0,1,3,2,0,High
SC-1039,4,2,0,0,2,2,0,Medium
SC-1040,4,2,1,0,3,2,0,High
SC-1041,4,1,0,0,2,2,0,Medium
SC-1042,4,0,1,1,4,2,0,High
SC-1043,4,2,0,0,4,2,1,High
SC-1045,4,0,1,0,2,2,1,High
SC-1046,4,2,1,0,4,2,1,Critical
SC-1047,4,2,1,0,2,2,1,High
SC-1048,4,2,1,0,3,2,1,High
SC-1049,4,2,0,0,3,2,1,High
SC-1050,4,2,0,0,4,2,1,High
SC-1051,4,2,0,0,3,2,1,High
SC-1052,4,2,1,0,3,2,1,High
SC-1053,4,2,1,0,4,2,0,High
SC-1054,4,2,0,0,4,2,0,High
SC-1055,4,2,1,0,4,2,0,High
SC-1056,4,2,0,0,3,2,0,High
SC-1057,4,1,0,0,3,2,0,Medium
SC-1058,4,1,1,0,2,2,0,High
SC-1059,4,2,1,0,3,2,0,High
SC-1060,4,2,0,0,4,2,0,High
SC-1061,4,1,1,0,3,2,0,High
SC-1062,4,1,1,0,3,2,0,High
SC-1063,4,1,1,0,4,2,0,High
SC-1064,4,1,0,0,4,2,0,Medium
SC-1065,4,2,0,0,3,2,0,High
SC-1067,4,0,0,0,2,2,0,Medium
SC-1068,4,0,1,0,3,2,0,Medium
SC-1069,4,2,1,0,4,2,1,Critical
SC-1070,4,2,0,0,4,2,0,High
SC-1071,4,2,1,0,3,2,0,High
SC-1072,4,0,1,0,2,2,1,High
SC-1073,4,0,0,0,3,2,1,Medium
SC-1074,4,2,1,0,4,2,1,Critical
SC-1075,4,2,1,0,3,2,0,High
SC-1076,4,2,0,0,2,2,0,Medium
SC-1077,4,0,1,1,2,2,0,High
SC-1078,4,3,1,1,2,2,0,Critical
SC-1079,4,2,1,0,3,2,0,High
SC-1080,4,2,1,0,2,2,0,High
SC-1081,4,2,1,0,4,2,0,High
SC-1082,4,3,0,0,3,2,0,High
SC-1083,4,2,0,0,4,2,1,High
SC-1084,4,1,1,0,4,2,0,High
SC-1085,4,0,0,0,2,2,0,Medium
SC-1086,4,2,0,0,3,2,0,High
SC-1087,4,2,0,0,4,2,0,High
SC-1088,4,1,1,0,2,2,0,High
SC-1089,4,2,1,0,4,2,0,High
SC-1090,4,2,0,0,3,2,0,High
SC-1091,4,2,0,0,4,2,0,High
SC-1092,4,0,1,0,3,2,0,Medium
SC-1093,4,2,0,0,4,2,0,High
SC-1094,4,2,1,0,4,2,0,High
SC-1095,4,0,0,0,2,2,0,Medium
SC-1096,4,2,1,0,3,2,0,High
SC-1097,4,2,1,0,2,2,0,High
SC-1098,4,2,0,1,2,2,0,High
SC-1099,4,2,0,0,4,2,0,High
SC-1100,4,2,0,0,2,2,0,Medium
SC-1101,4,3,0,1,2,2,0,High
SC-1102,4,2,0,0,4,2,0,High
SC-1103,4,2,0,0,3,2,0,High
SC-1104,4,2,1,0,3,2,0,High
SC-1105,4,2,1,0,4,2,0,High
SC-1106,4,2,0,0,4,2,0,High
SC-1107,4,2,0,0,2,2,0,Medium
SC-1108,4,2,0,0,3,2,0,High
SC-1109,4,1,1,0,3,2,0,High
SC-1110,4,1,1,0,2,2,0,High
SC-1111,4,2,0,0,3,2,0,High
SC-1112,4,2,1,0,4,2,0,High
SC-1113,4,3,0,1,3,2,0,High
SC-1114,4,2,0,0,4,2,0,High
SC-1115,4,0,1,0,2,2,0,Medium
SC-1116,4,2,0,0,3,2,0,High
SC-1117,4,3,1,0,2,2,0,Critical
SC-1118,4,2,1,0,4,2,0,High
SC-1119,4,2,1,0,3,2,0,High
SC-1120,3,2,1,0,3,2,0,High
SC-1121,3,2,0,0,3,2,0,Medium
SC-1122,3,2,1,0,3,2,0,High
SC-1123,3,1,1,0,2,2,0,Medium
SC-1124,3,1,1,0,3,2,0,Medium
SC-1125,3,2,0,0,4,2,0,Medium
SC-1126,3,3,0,1,4,2,0,High
SC-1127,3,2,0,0,3,2,0,Medium
SC-1128,3,1,1,0,2,2,0,Medium
SC-1129,3,1,1,0,3,2,0,Medium
SC-1130,3,2,1,0,3,2,0,High
SC-1131,3,1,0,0,4,2,0,Medium
SC-1132,3,1,1,0,3,2,0,Medium
SC-1133,3,2,0,0,4,2,0,Medium
SC-1134,3,0,0,0,2,2,0,Low
SC-1135,3,3,1,1,3,2,0,Critical
SC-1136,3,2,0,0,3,2,0,Medium
SC-1137,3,2,1,0,2,2,0,High
SC-1138,3,2,0,0,2,2,0,Medium
SC-1139,3,3,0,0,3,2,0,High
SC-1140,3,2,1,0,4,2,0,High
SC-1141,3,2,0,0,4,2,0,Medium
SC-1142,3,2,1,0,4,2,0,High
SC-1143,3,2,1,0,3,2,0,High
SC-1144,3,3,1,1,2,2,0,Critical
SC-1145,3,2,1,0,3,2,0,High
SC-1146,3,0,1,0,3,2,0,Medium
SC-1147,3,1,0,1,3,2,0,Medium
SC-1148,3,1,1,0,2,2,0,Medium
SC-1149,3,3,0,1,3,2,0,High
SC-1150,3,2,0,0,3,2,0,Medium
SC-1151,3,1,1,0,4,2,0,High
SC-1152,3,0,1,1,3,2,0,Medium
SC-1153,3,2,1,1,4,2,0,High
SC-1154,3,2,0,0,2,2,0,Medium
SC-1155,3,1,1,0,2,2,0,Medium
SC-1156,3,0,0,0,3,2,0,Low
SC-1157,3,0,1,0,2,2,0,Medium
SC-1158,3,0,0,0,3,2,0,Low
SC-1159,3,2,1,0,2,2,0,High
SC-1160,3,3,1,1,3,2,0,Critical
SC-1161,3,3,0,1,2,2,0,High
SC-1162,3,3,1,1,4,2,0,Critical
SC-1163,3,3,0,1,2,2,0,High
SC-1164,3,3,1,1,3,2,0,Critical
SC-1165,3,2,1,0,3,2,0,High
SC-1166,3,2,1,0,2,2,0,High
SC-1167,3,3,0,0,4,2,0,High
SC-1168,3,1,0,0,2,2,0,Medium
SC-1169,3,1,0,0,3,2,0,Medium
SC-1170,2,1,0,0,2,2,0,Low
SC-1171,2,2,0,0,3,2,0,Medium
SC-1172,2,1,1,0,3,2,0,Medium
SC-1173,2,2,1,0,2,2,0,Medium
SC-1174,2,2,1,0,2,2,0,Medium
SC-1175,2,1,0,0,2,2,0,Low
SC-1176,4,2,1,0,7,4,0,Critical
SC-1177,4,2,1,0,6,4,1,Critical
SC-1178,5,1,1,1,6,4,0,Critical
SC-1179,4,1,1,0,6,4,0,High
SC-1180,4,2,1,0,5,3,0,High
SC-1181,5,2,1,0,6,4,0,Critical
SC-1182,4,0,1,0,6,4,0,High
SC-1184,4,2,0,0,6,4,0,High
SC-1185,4,2,1,1,6,4,0,Critical
SC-1186,4,0,0,0,8,6,0,High
SC-1187,4,2,0,0,7,4,0,High
SC-1188,5,1,1,1,6,4,1,Critical
SC-1190,4,2,0,0,8,5,0,High
SC-1191,5,3,0,1,4,3,1,Critical
SC-1192,4,2,0,0,7,5,1,Critical
SC-1193,4,2,0,0,6,4,1,Critical
SC-1194,5,3,0,1,3,3,1,Critical
SC-1195,4,2,1,0,7,5,0,Critical
SC-1196,4,1,1,0,4,2,0,High
SC-1197,4,2,0,0,3,2,0,High
SC-1198,4,0,1,0,6,2,1,High
SC-1199,3,1,0,0,5,2,0,Medium
SC-1200,4,2,0,0,7,5,0,High
SC-1202,5,1,0,0,6,4,1,Critical
SC-1203,4,2,1,0,6,4,0,Critical
SC-1205,4,2,0,1,6,4,1,Critical
SC-1206,5,3,0,1,6,4,1,Critical
SC-1207,4,2,0,0,6,4,0,High
SC-1208,5,2,1,1,9,5,1,Critical
SC-1209,5,2,0,0,6,4,0,Critical
SC-1210,5,3,0,1,7,4,0,Critical
SC-1211,4,1,1,0,6,4,0,High
SC-1213,4,1,0,0,6,4,0,High
SC-1214,4,2,1,0,4,4,0,Critical
SC-1215,5,3,1,1,6,4,1,Critical
SC-1216,5,2,0,0,6,4,1,Critical
SC-1217,5,1,0,0,6,3,0,High
SC-1218,4,2,1,0,7,5,0,Critical
SC-1219,3,0,0,0,6,4,0,Medium
SC-1220,5,3,1,1,5,3,0,Critical
SC-1221,5,1,1,1,7,4,1,Critical
SC-1222,4,2,0,1,6,4,0,Critical
SC-1224,5,2,1,1,4,4,1,Critical
SC-1225,5,2,0,1,4,3,1,Critical
SC-1226,5,1,1,1,3,3,1,Critical
SC-1227,5,2,0,0,2,2,1,High
SC-1228,4,2,0,0,2,2,1,High
SC-1229,5,2,0,1,5,3,1,Critical
SC-1230,5,1,1,1,4,3,1,Critical
SC-1231,5,2,1,1,3,2,1,Critical
SC-1232,5,1,1,0,3,2,1,High
SC-1233,5,3,0,1,4,2,0,Critical
SC-1234,4,3,1,1,3,3,1,Critical
SC-1236,5,3,1,1,3,2,1,Critical
SC-1237,4,2,0,0,4,4,1,High
SC-1238,5,0,1,1,5,5,1,Critical
SC-1239,4,2,1,1,4,4,1,Critical
SC-1240,5,2,0,0,4,3,1,Critical
SC-1241,4,1,1,0,5,2,0,High
SC-1242,5,2,0,1,7,6,1,Critical
SC-1243,5,3,0,1,5,5,1,Critical
SC-1244,5,2,1,1,7,7,1,Critical
SC-1245,5,2,0,1,3,3,1,Critical
SC-1246,5,3,0,1,4,3,1,Critical
SC-1247,5,2,0,0,4,2,1,Critical
SC-1248,5,1,1,1,5,3,1,Critical
SC-1249,5,2,1,1,5,5,1,Critical
SC-1250,5,1,1,1,4,4,1,Critical
SC-1251,4,2,1,0,4,4,0,Critical
SC-1252,5,2,1,0,3,3,0,Critical
SC-1253,4,1,1,0,3,3,0,High
SC-1254,5,2,1,1,5,4,1,Critical
SC-1255,4,2,1,0,4,4,1,Critical
SC-1256,5,2,0,0,3,3,1,Critical
SC-1257,5,2,1,0,4,4,1,Critical
SC-1258,5,2,0,1,4,4,1,Critical
SC-1259,5,2,0,0,5,5,1,Critical
SC-1260,5,3,1,1,5,4,1,Critical
SC-1261,4,2,1,0,3,3,0,High
SC-1262,4,2,0,0,3,3,0,High
SC-1263,5,3,0,1,3,3,0,Critical
SC-1264,5,1,1,0,3,3,1,Critical
SC-1265,4,2,0,0,3,3,0,High
SC-1266,4,2,1,0,3,2,1,High
SC-1267,4,2,1,1,5,4,0,Critical
SC-1268,5,2,1,0,4,4,1,Critical
SC-1269,4,2,1,0,4,3,0,High
SC-1270,4,2,0,0,3,3,1,High
SC-1271,3,2,1,0,4,2,0,High
SC-1272,3,0,1,0,5,2,0,Medium
SC-1273,5,3,1,1,4,2,0,Critical
SC-1274,5,0,1,1,3,2,0,High
SC-1275,5,3,0,1,4,2,0,Critical
SC-1276,3,2,1,0,3,3,0,High
SC-1277,1,0,0,0,1,1,0,Low
SC-1278,1,0,0,0,2,1,0,Low
SC-1279,1,0,0,0,1,1,0,Low
SC-1280,1,0,0,0,2,1,0,Low
SC-1281,1,0,0,0,3,1,0,Low
SC-1282,1,0,0,0,1,1,0,Low
SC-1283,1,0,0,0,1,1,0,Low
SC-1284,1,0,0,0,2,1,0,Low
SC-1285,1,0,0,0,3,1,0,Low
SC-1286,1,0,0,0,1,1,0,Low
SC-1287,1,0,0,0,2,1,0,Low
SC-1288,1,0,0,0,3,1,0,Low
SC-1289,1,0,0,0,2,1,0,Low
SC-1290,1,0,0,0,3,1,0,Low
SC-1291,1,0,0,0,2,1,0,Low
SC-1292,1,0,0,0,4,1,0,Low
SC-1293,1,0,0,0,4,1,0,Low
SC-1294,1,0,0,0,2,1,0,Low
SC-1295,1,0,0,0,3,1,0,Low
SC-1296,1,0,0,0,4,1,0,Low
SC-1297,1,0,0,0,2,1,0,Low
SC-1298,1,0,0,0,2,1,0,Low
SC-1299,1,0,0,0,2,1,0,Low
SC-1300,1,0,0,0,5,1,0,Low
SC-1301,1,0,0,0,4,1,0,Low
SC-1302,1,0,0,0,4,1,0,Low
SC-1303,1,0,0,0,4,1,0,Low
SC-1304,1,0,0,0,3,1,0,Low
SC-1305,1,0,0,0,4,1,0,Low
SC-1306,1,0,0,0,3,1,0,Low
SC-1307,1,0,0,0,3,1,0,Low
SC-1308,2,2,1,0,1,1,0,Medium
SC-1309,2,2,0,0,2,1,0,Medium
SC-1310,2,2,1,0,3,1,0,Medium
SC-1311,2,0,0,0,1,1,0,Low
SC-1312,2,2,0,0,2,1,0,Medium
SC-1313,2,1,0,0,1,1,0,Low
SC-1314,2,1,0,0,2,1,0,Low
SC-1315,2,2,1,0,1,1,0,Medium
SC-1316,2,3,0,0,2,1,0,High
SC-1317,2,3,0,0,3,1,0,High
SC-1318,2,3,0,0,4,1,0,High
SC-1319,2,0,0,0,1,1,0,Low
SC-1320,2,2,0,0,2,1,0,Medium
SC-1321,2,3,0,0,3,1,0,High
SC-1322,2,1,0,0,1,1,0,Low
SC-1323,2,3,0,0,2,1,0,High
SC-1324,2,3,0,0,1,1,0,High
SC-1325,2,2,0,0,2,1,0,Medium
SC-1326,2,3,0,0,3,1,0,High
SC-1327,2,1,0,0,2,1,0,Low
SC-1328,2,3,0,0,2,1,0,High
SC-1329,2,2,0,0,3,1,0,Medium
SC-1330,2,2,0,0,1,1,0,Medium
SC-1331,2,2,0,0,2,1,0,Medium
SC-1332,2,0,0,0,1,1,0,Low
SC-1333,2,2,0,0,1,1,0,Medium
SC-1334,2,2,0,0,2,1,0,Medium
SC-1335,2,0,0,0,1,1,0,Low
SC-1336,3,2,1,0,1,1,0,Medium
SC-1337,3,2,0,0,2,1,0,Medium
SC-1338,3,0,0,0,1,1,0,Low
SC-1339,3,2,0,0,1,1,0,Medium
SC-1340,3,2,1,0,2,1,0,Medium
SC-1341,3,1,0,0,1,1,0,Low
SC-1342,3,3,0,1,1,1,0,High
SC-1343,3,3,0,1,2,1,0,High
SC-1344,3,0,0,0,1,1,0,Low
SC-1345,3,2,0,0,1,1,0,Medium
SC-1346,3,2,1,0,2,1,0,Medium
SC-1347,3,0,0,0,1,1,0,Low
SC-1348,3,2,0,0,1,1,0,Medium
SC-1349,3,2,0,0,2,1,0,Medium
SC-1350,3,2,1,0,3,1,0,High
SC-1351,3,2,1,0,4,1,0,High
SC-1352,3,2,1,0,5,1,0,High
SC-1353,3,1,0,0,1,1,0,Low
SC-1354,3,1,0,0,2,1,0,Low
SC-1355,3,2,0,0,3,1,0,Medium
SC-1356,3,1,0,0,4,1,0,Medium
SC-1357,3,2,1,0,5,1,0,High
SC-1358,3,0,0,0,1,1,0,Low
SC-1359,3,0,0,0,2,1,0,Low
SC-1360,3,0,0,0,3,1,0,Low
SC-1361,3,1,1,0,4,1,0,Medium
SC-1362,3,1,0,0,5,1,0,Medium
SC-1363,3,1,0,0,1,1,0,Low
SC-1364,3,1,0,0,2,1,0,Low
SC-1365,3,1,0,0,3,1,0,Medium
SC-1366,3,1,1,0,4,1,0,Medium
SC-1367,3,1,0,0,5,1,0,Medium
SC-1368,3,1,0,0,1,1,0,Low
SC-1369,3,1,0,0,2,1,0,Low
SC-1370,3,1,0,0,3,1,0,Medium
SC-1371,3,1,0,0,4,1,0,Medium
SC-1372,3,2,1,0,5,1,0,High
SC-1373,3,0,0,0,1,1,0,Low
SC-1374,3,1,0,0,2,1,0,Low
SC-1375,3,0,0,0,3,1,0,Low
SC-1376,3,0,0,0,4,1,0,Low
SC-1377,3,2,1,0,5,1,0,High
SC-1378,3,1,0,0,1,1,0,Low
SC-1379,3,1,0,0,2,1,0,Low
SC-1380,3,1,0,0,3,1,0,Medium
SC-1381,3,2,1,0,4,1,0,High
SC-1382,3,2,1,0,5,1,0,High
SC-1383,3,0,0,0,1,1,0,Low
SC-1384,3,1,0,0,2,1,0,Low
SC-1385,3,1,1,0,3,1,0,Medium
SC-1386,3,1,0,0,4,1,0,Medium
SC-1387,3,1,0,0,5,1,0,Medium
SC-1388,3,1,0,0,1,1,0,Low
SC-1389,3,1,0,0,2,1,0,Low
SC-1390,3,1,0,0,3,1,0,Medium
SC-1391,3,1,0,0,4,1,0,Medium
SC-1392,3,1,0,0,5,1,0,Medium
SC-1393,3,0,0,0,1,1,0,Low
SC-1394,3,0,0,0,2,1,0,Low
SC-1395,3,1,0,0,3,1,0,Medium
SC-1396,3,1,1,0,4,1,0,Medium
SC-1397,3,1,1,0,5,1,0,Medium
SC-1398,3,1,0,0,1,1,0,Low
SC-1399,3,1,0,0,2,1,0,Low
SC-1400,3,1,0,0,3,1,0,Medium
SC-1401,3,1,1,0,4,1,0,Medium
SC-1402,3,1,0,0,5,1,0,Medium
SC-1403,3,0,0,0,1,1,0,Low
SC-1404,3,0,0,0,2,1,0,Low
SC-1405,3,1,0,0,3,1,0,Medium
SC-1406,3,0,0,0,4,1,0,Low
SC-1407,3,2,0,0,5,1,0,Medium
SC-1408,3,0,0,0,1,1,0,Low
SC-1409,3,1,0,0,2,1,0,Low
SC-1410,3,0,0,0,3,1,0,Low
SC-1411,3,1,1,0,4,1,0,Medium
SC-1412,3,2,0,0,5,1,0,Medium
SC-1413,3,0,0,0,1,1,0,Low
SC-1414,3,0,0,0,2,1,0,Low
SC-1415,3,0,0,0,3,1,0,Low
SC-1416,3,1,0,0,4,1,0,Medium
SC-1417,3,1,0,0,5,1,0,Medium
SC-1418,3,0,0,0,1,1,0,Low
SC-1419,3,1,0,0,2,1,0,Low
SC-1420,3,1,0,0,3,1,0,Medium
SC-1421,3,1,0,0,4,1,0,Medium
SC-1422,3,1,0,0,5,1,0,Medium
SC-1423,3,0,0,0,1,1,0,Low
SC-1424,3,1,0,0,2,1,0,Low
SC-1425,3,2,1,0,3,1,0,High
SC-1426,3,1,0,0,4,1,0,Medium
SC-1427,3,2,0,0,5,1,0,Medium
SC-1428,3,0,0,0,1,1,0,Low
SC-1429,3,1,0,0,2,1,0,Low
SC-1430,3,1,1,0,3,1,0,Medium
SC-1431,3,2,1,0,4,1,0,High
SC-1432,3,1,0,0,5,1,0,Medium
SC-1433,3,2,1,0,2,1,0,Medium
SC-1434,3,2,0,0,3,1,0,Medium
SC-1435,3,1,0,0,2,1,0,Low
SC-1436,3,1,1,0,3,1,0,Medium
SC-1437,3,0,0,0,2,1,0,Low
SC-1438,3,1,1,0,3,1,0,Medium
SC-1439,3,1,0,0,2,1,0,Low
SC-1440,3,2,1,0,3,1,0,High
SC-1441,3,1,0,0,2,1,0,Low
SC-1442,3,1,0,0,3,1,0,Medium
SC-1443,3,1,0,0,2,1,0,Low
SC-1444,3,0,0,0,3,1,0,Low
SC-1445,3,1,1,0,3,1,0,Medium
SC-1446,3,0,0,0,2,1,0,Low
SC-1447,3,1,0,0,3,1,0,Medium
SC-1448,3,1,0,0,2,1,0,Low
SC-1449,3,1,0,0,3,1,0,Medium
SC-1450,3,0,0,0,2,1,0,Low
SC-1451,3,1,0,0,3,1,0,Medium
SC-1452,3,2,0,0,2,1,0,Medium
SC-1453,3,1,1,0,3,1,0,Medium
SC-1454,3,1,0,0,2,1,0,Low
SC-1455,3,2,0,0,3,1,0,Medium
SC-1456,3,1,0,0,3,1,0,Medium
SC-1457,3,1,0,0,2,1,0,Low
SC-1458,3,1,0,0,3,1,0,Medium
SC-1459,3,1,0,0,2,1,0,Low
SC-1460,3,2,0,0,3,1,0,Medium
SC-1461,3,0,0,0,2,1,0,Low
SC-1462,3,1,1,0,3,1,0,Medium
SC-1463,3,0,0,0,3,1,0,Low
SC-1464,3,2,0,0,2,1,0,Medium
SC-1465,3,2,1,0,3,1,0,High
SC-1466,3,2,1,0,4,1,0,High
SC-1467,3,1,1,0,3,1,0,Medium
SC-1468,3,1,0,0,4,1,0,Medium
SC-1469,3,0,0,0,2,1,0,Low
SC-1470,3,0,0,0,3,1,0,Low
SC-1471,3,1,0,0,4,1,0,Medium
SC-1472,3,1,0,0,2,1,0,Low
SC-1473,3,1,0,0,3,1,0,Medium
SC-1474,3,2,0,0,4,1,0,Medium
SC-1475,3,1,0,0,3,1,0,Medium
SC-1476,3,1,0,0,4,1,0,Medium
SC-1477,3,0,0,0,2,1,0,Low
SC-1478,3,1,0,0,3,1,0,Medium
SC-1479,3,0,0,0,4,1,0,Low
SC-1480,3,1,0,0,2,1,0,Low
SC-1481,3,1,0,0,3,1,0,Medium
SC-1482,3,1,1,0,4,1,0,Medium
SC-1483,3,2,1,0,3,1,0,High
SC-1484,3,1,0,0,4,1,0,Medium
SC-1485,3,1,0,0,3,1,0,Medium
SC-1486,3,1,0,0,4,1,0,Medium
SC-1487,3,0,0,0,2,1,0,Low
SC-1488,3,1,0,0,3,1,0,Medium
SC-1489,3,1,1,0,4,1,0,Medium
SC-1490,3,1,0,0,2,1,0,Low
SC-1491,3,2,0,0,3,1,0,Medium
SC-1492,3,1,0,0,4,1,0,Medium
SC-1493,3,2,1,0,2,1,0,Medium
SC-1494,3,0,0,0,3,1,0,Low
SC-1495,3,1,1,0,4,1,0,Medium
SC-1496,3,0,0,0,2,1,0,Low
SC-1497,3,1,0,0,3,1,0,Medium
SC-1498,3,0,0,0,2,1,0,Low
SC-1499,3,0,0,0,3,1,0,Low
SC-1500,3,1,0,0,4,1,0,Medium
SC-1501,3,0,0,0,2,1,0,Low
SC-1502,3,1,1,0,3,1,0,Medium
SC-1503,3,1,1,0,4,1,0,Medium
SC-1504,3,2,0,0,2,1,0,Medium
SC-1505,3,0,0,0,3,1,0,Low
SC-1506,3,1,0,0,4,1,0,Medium
SC-1507,3,0,0,0,2,1,0,Low
SC-1508,3,0,0,0,4,1,0,Low
SC-1509,3,2,0,0,2,1,0,Medium
SC-1510,3,1,0,0,2,1,0,Low
SC-1511,3,2,0,0,2,1,0,Medium
SC-1512,3,0,0,0,2,1,0,Low
SC-1513,3,1,0,0,2,1,0,Low
SC-1514,3,1,0,0,2,1,0,Low
SC-1515,3,1,0,0,2,1,0,Low
SC-1516,3,1,0,0,2,1,0,Low
SC-1517,3,1,0,0,2,1,0,Low
SC-1518,3,1,0,0,2,1,0,Low
SC-1519,3,1,0,0,2,1,0,Low
SC-1520,3,0,0,0,2,1,0,Low
SC-1521,3,0,0,0,2,1,0,Low
SC-1522,3,2,0,0,2,1,0,Medium
SC-1523,3,1,0,0,2,1,0,Low
SC-1524,3,1,0,0,2,1,0,Low
SC-1525,3,1,0,0,2,1,0,Low
SC-1526,3,1,0,0,2,1,0,Low
SC-1527,3,1,0,0,2,1,0,Low
SC-1528,3,1,0,0,2,1,0,Low
SC-1529,3,0,0,0,2,1,0,Low
SC-1530,3,0,0,0,2,1,0,Low
SC-1531,3,0,0,0,2,1,0,Low
SC-1532,3,0,0,0,2,1,0,Low
SC-1533,3,2,1,0,2,1,0,Medium
SC-1534,3,1,0,0,2,1,0,Low
SC-1535,3,1,0,0,2,1,0,Low
SC-1536,3,0,0,0,2,1,0,Low
SC-1537,3,1,0,0,2,1,0,Low
SC-1538,3,1,0,0,2,1,0,Low
SC-1539,3,1,0,0,2,1,0,Low
SC-1540,3,2,1,0,2,1,0,Medium
SC-1541,3,2,0,0,2,1,0,Medium
SC-1542,3,1,0,0,2,1,0,Low
SC-1543,3,1,0,0,2,1,0,Low
SC-1544,3,2,0,0,2,1,0,Medium
SC-1545,3,0,0,0,2,1,0,Low
SC-1546,3,0,0,0,2,1,0,Low
SC-1547,3,1,0,0,2,1,0,Low
SC-1548,3,1,0,0,2,1,0,Low
SC-1549,3,0,0,0,2,1,0,Low
SC-1550,3,1,0,0,2,1,0,Low
SC-1551,3,1,0,0,2,1,0,Low
SC-1552,3,1,0,0,2,1,0,Low
SC-1553,3,0,0,0,2,1,0,Low
SC-1554,3,0,0,0,2,1,0,Low
SC-1555,3,1,0,0,2,1,0,Low
SC-1556,3,0,0,0,2,1,0,Low
SC-1557,3,0,0,0,2,1,0,Low
SC-1558,3,0,0,0,2,1,0,Low
SC-1559,3,0,0,0,2,1,0,Low
SC-1560,3,1,0,0,2,1,0,Low
SC-1561,3,2,0,0,3,1,0,Medium
SC-1562,3,2,0,0,4,1,0,Medium
SC-1563,3,2,0,0,5,1,0,Medium
SC-1564,3,1,0,0,3,1,0,Medium
SC-1565,3,2,0,0,4,1,0,Medium
SC-1566,3,1,0,0,5,1,0,Medium
SC-1567,3,1,0,0,2,1,0,Low
SC-1568,3,1,1,0,3,1,0,Medium
SC-1569,3,2,0,0,4,1,0,Medium
SC-1570,3,1,0,0,5,1,0,Medium
SC-1571,3,1,0,0,2,1,0,Low
SC-1572,3,1,1,0,3,1,0,Medium
SC-1573,3,1,1,0,4,1,0,Medium
SC-1574,3,2,1,0,5,1,0,High
SC-1575,3,2,0,0,3,1,0,Medium
SC-1576,3,1,0,0,4,1,0,Medium
SC-1577,3,1,0,0,5,1,0,Medium
SC-1578,3,0,0,0,2,1,0,Low
SC-1579,3,1,0,0,3,1,0,Medium
SC-1580,3,0,0,0,4,1,0,Low
SC-1581,3,2,0,0,5,1,0,Medium
SC-1582,3,1,1,0,3,1,0,Medium
SC-1583,3,1,1,0,4,1,0,Medium
SC-1584,3,2,0,0,5,1,0,Medium
SC-1585,3,1,0,0,3,1,0,Medium
SC-1586,3,2,0,0,4,1,0,Medium
SC-1587,3,2,0,0,5,1,0,Medium
SC-1588,3,1,0,0,2,1,0,Low
SC-1589,3,1,1,0,3,1,0,Medium
SC-1590,3,1,1,0,4,1,0,Medium
SC-1591,3,1,1,0,5,1,0,Medium
SC-1592,3,0,0,0,3,1,0,Low
SC-1593,3,1,1,0,4,1,0,Medium
SC-1594,3,1,0,0,5,1,0,Medium
SC-1595,3,1,0,0,3,1,0,Medium
SC-1596,3,2,1,0,4,1,0,High
SC-1597,3,1,0,0,5,1,0,Medium
SC-1598,3,0,0,0,2,1,0,Low
SC-1599,3,0,0,0,3,1,0,Low
SC-1600,3,1,0,0,4,1,0,Medium
SC-1601,3,1,0,0,5,1,0,Medium
SC-1602,3,0,0,0,3,1,0,Low
SC-1603,3,2,1,0,4,1,0,High
SC-1604,3,1,0,0,5,1,0,Medium
SC-1605,3,2,1,0,3,1,0,High
SC-1606,3,1,0,0,4,1,0,Medium
SC-1607,3,2,0,0,5,1,0,Medium
SC-1608,3,1,0,0,4,1,0,Medium
SC-1609,3,1,1,0,5,1,0,Medium
SC-1610,3,1,0,0,3,1,0,Medium
SC-1611,3,1,1,0,4,1,0,Medium
SC-1612,3,1,1,0,5,1,0,Medium
SC-1613,3,1,0,0,3,1,0,Medium
SC-1614,3,0,0,0,4,1,0,Low
SC-1615,3,1,1,0,5,1,0,Medium
SC-1616,3,2,0,0,2,1,0,Medium
SC-1617,3,2,0,0,3,1,0,Medium
SC-1618,3,2,1,0,4,1,0,High
SC-1619,3,2,1,0,5,1,0,High
SC-1620,3,1,1,0,3,1,0,Medium
SC-1621,3,1,1,0,5,1,0,Medium
SC-1622,3,0,0,0,3,1,0,Low
SC-1623,3,1,0,0,4,1,0,Medium
SC-1624,3,2,0,0,5,1,0,Medium
SC-1625,3,1,0,0,3,1,0,Medium
SC-1626,3,1,1,0,4,1,0,Medium
SC-1627,3,2,0,0,5,1,0,Medium
SC-1628,3,1,0,0,3,1,0,Medium
SC-1629,3,1,0,0,4,1,0,Medium
SC-1630,3,1,0,0,5,1,0,Medium
SC-1631,3,1,0,0,2,1,0,Low
SC-1632,3,1,0,0,3,1,0,Medium
SC-1633,3,0,0,0,4,1,0,Low
SC-1634,3,0,0,0,5,1,0,Low
SC-1635,3,1,0,0,2,1,0,Low
SC-1636,3,1,1,0,3,1,0,Medium
SC-1637,3,2,1,0,4,1,0,High
SC-1638,3,1,0,0,5,1,0,Medium
SC-1639,3,0,0,0,2,1,0,Low
SC-1640,3,0,0,0,3,1,0,Low
SC-1641,3,1,1,0,4,1,0,Medium
SC-1642,3,1,0,0,5,1,0,Medium
SC-1643,3,1,0,0,2,1,0,Low
SC-1644,3,1,0,0,3,1,0,Medium
SC-1645,3,1,0,0,4,1,0,Medium
SC-1646,3,1,1,0,5,1,0,Medium
SC-1647,3,0,0,0,3,1,0,Low
SC-1648,3,1,1,0,4,1,0,Medium
SC-1649,3,1,1,0,5,1,0,Medium
SC-1650,3,1,0,0,3,1,0,Medium
SC-1651,3,1,0,0,4,1,0,Medium
SC-1652,3,1,1,0,5,1,0,Medium
SC-1653,3,1,0,0,3,1,0,Medium
SC-1654,3,2,1,0,4,1,0,High
SC-1655,3,2,0,0,5,1,0,Medium
SC-1656,3,0,0,0,2,1,0,Low
SC-1657,3,0,0,0,3,1,0,Low
SC-1658,3,1,0,0,4,1,0,Medium
SC-1659,3,1,0,0,5,1,0,Medium
SC-1660,3,1,0,0,3,1,0,Medium
SC-1661,3,1,0,0,4,1,0,Medium
SC-1662,3,1,0,0,5,1,0,Medium
SC-1663,3,0,0,0,2,1,0,Low
SC-1664,3,1,0,0,3,1,0,Medium
SC-1665,3,1,0,0,4,1,0,Medium
SC-1666,3,1,1,0,5,1,0,Medium
SC-1667,3,1,0,0,2,1,0,Low
SC-1668,3,1,1,0,3,1,0,Medium
SC-1669,3,2,0,0,4,1,0,Medium
SC-1670,3,1,1,0,5,1,0,Medium
SC-1671,3,0,0,0,4,1,0,Low
SC-1672,3,2,1,0,5,1,0,High
SC-1673,3,1,0,0,2,1,0,Low
SC-1674,3,1,0,0,2,1,0,Low
SC-1675,3,0,0,0,2,1,0,Low
SC-1676,3,0,0,0,2,1,0,Low
SC-1677,3,2,1,0,4,1,0,High
SC-1678,3,2,0,0,5,1,0,Medium
SC-1679,3,1,1,0,4,1,0,Medium
SC-1680,3,1,1,0,5,1,0,Medium
SC-1681,3,1,0,0,3,1,0,Medium
SC-1682,3,0,0,0,4,1,0,Low
SC-1683,3,2,1,0,5,1,0,High
SC-1684,3,1,0,0,3,1,0,Medium
SC-1685,3,1,0,0,4,1,0,Medium
SC-1686,3,1,0,0,5,1,0,Medium
SC-1687,3,1,0,0,2,1,0,Low
SC-1688,3,1,0,0,3,1,0,Medium
SC-1689,3,1,0,0,4,1,0,Medium
SC-1690,3,1,1,0,5,1,0,Medium
SC-1691,3,1,0,0,3,1,0,Medium
SC-1692,3,2,0,0,4,1,0,Medium
SC-1693,3,1,0,0,5,1,0,Medium
SC-1694,3,1,0,0,2,1,0,Low
SC-1695,3,1,1,0,3,1,0,Medium
SC-1696,3,1,0,0,4,1,0,Medium
SC-1697,3,1,0,0,5,1,0,Medium
SC-1698,3,1,0,0,2,1,0,Low
SC-1699,3,2,0,0,3,1,0,Medium
SC-1700,3,2,1,0,4,1,0,High
SC-1701,3,1,1,0,5,1,0,Medium
SC-1702,3,1,0,0,2,1,0,Low
SC-1703,3,2,0,0,3,1,0,Medium
SC-1704,3,1,1,0,4,1,0,Medium
SC-1705,3,1,1,0,5,1,0,Medium
SC-1706,3,2,0,0,3,1,0,Medium
SC-1707,3,1,0,0,4,1,0,Medium
SC-1708,3,2,0,0,5,1,0,Medium
SC-1709,3,1,1,0,4,1,0,Medium
SC-1710,3,1,0,0,5,1,0,Medium
SC-1711,3,0,0,0,3,1,0,Low
SC-1712,3,1,0,0,4,1,0,Medium
SC-1713,3,2,0,0,5,1,0,Medium
SC-1714,3,2,0,0,4,1,0,Medium
SC-1715,3,0,0,0,5,1,0,Low
SC-1716,3,1,0,0,3,1,0,Medium
SC-1717,3,1,0,0,4,1,0,Medium
SC-1718,3,1,1,0,5,1,0,Medium
SC-1719,3,1,0,0,3,1,0,Medium
SC-1720,3,0,0,0,4,1,0,Low
SC-1721,3,1,0,0,5,1,0,Medium
SC-1722,3,1,1,0,3,1,0,Medium
SC-1723,3,1,1,0,4,1,0,Medium
SC-1724,3,2,0,0,5,1,0,Medium
SC-1725,3,1,1,0,3,1,0,Medium
SC-1726,3,1,0,0,4,1,0,Medium
SC-1727,3,1,0,0,5,1,0,Medium
SC-1728,3,2,0,0,3,1,0,Medium
SC-1729,3,1,0,0,3,1,0,Medium
SC-1730,3,1,1,0,3,1,0,Medium
SC-1731,3,1,0,0,2,1,0,Low
SC-1732,3,1,0,0,3,1,0,Medium
SC-1733,3,1,0,0,3,1,0,Medium
SC-1734,3,1,1,0,3,1,0,Medium
SC-1735,3,1,1,0,3,1,0,Medium
SC-1736,3,1,0,0,3,1,0,Medium
SC-1737,3,1,0,0,3,1,0,Medium
SC-1738,3,1,0,0,3,1,0,Medium
SC-1739,3,1,0,0,2,1,0,Low
SC-1740,3,1,0,0,3,1,0,Medium
SC-1741,3,0,0,0,2,1,0,Low
SC-1742,3,1,0,0,3,1,0,Medium
SC-1743,3,0,0,0,3,1,0,Low
SC-1744,3,2,0,0,3,1,0,Medium
SC-1745,3,1,0,0,3,1,0,Medium
SC-1746,3,2,0,0,3,1,0,Medium
SC-1747,3,1,0,0,3,1,0,Medium
SC-1748,3,1,1,0,3,1,0,Medium
SC-1749,3,0,0,0,2,1,0,Low
SC-1750,3,0,0,0,3,1,0,Low
SC-1751,3,2,0,0,2,1,0,Medium
SC-1752,3,1,1,0,3,1,0,Medium
SC-1753,3,1,0,0,3,1,0,Medium
SC-1754,3,1,0,0,3,1,0,Medium
SC-1755,3,1,1,0,3,1,0,Medium
SC-1756,3,1,0,0,3,1,0,Medium
SC-1757,3,1,1,0,3,1,0,Medium
SC-1758,3,1,0,0,3,1,0,Medium
SC-1759,3,1,0,0,3,1,0,Medium
SC-1760,3,1,0,0,3,1,0,Medium
SC-1761,3,0,0,0,3,1,0,Low
SC-1762,3,1,0,0,3,1,0,Medium
SC-1763,3,2,0,0,1,1,0,Medium
SC-1764,3,2,0,0,2,1,0,Medium
SC-1765,3,2,0,0,3,1,0,Medium
SC-1766,3,2,0,1,4,1,0,High
SC-1767,3,2,0,1,5,1,0,High
SC-1768,3,0,0,0,1,1,0,Low
SC-1769,3,1,0,0,2,1,0,Low
SC-1770,3,1,0,1,3,1,0,Medium
SC-1771,3,2,0,1,4,1,0,High
SC-1772,3,1,0,1,1,1,0,Medium
SC-1773,3,1,1,1,2,1,0,Medium
SC-1774,3,2,0,1,4,1,0,High
SC-1775,3,2,0,1,4,1,0,High
SC-1776,3,0,0,1,1,1,0,Low
SC-1777,3,2,0,1,2,1,0,Medium
SC-1778,3,2,0,1,3,1,0,Medium
SC-1779,3,2,0,1,4,1,0,High
SC-1780,3,1,0,0,1,1,0,Low
SC-1781,3,2,0,0,3,1,0,Medium
SC-1782,3,2,0,1,4,1,0,High
SC-1783,3,1,0,1,2,1,0,Medium
SC-1784,3,2,0,1,3,1,0,Medium
SC-1785,3,2,0,1,2,1,0,Medium
SC-1786,3,1,1,1,3,1,0,High
SC-1787,3,1,0,1,2,1,0,Medium
SC-1788,3,2,0,1,3,1,0,Medium
SC-1789,3,2,1,1,3,1,0,High
SC-1790,3,2,0,1,3,1,0,Medium
SC-1791,3,2,0,1,4,1,0,High
SC-1792,3,2,0,0,2,1,0,Medium
SC-1793,3,2,0,1,3,1,0,Medium
SC-1794,3,1,0,1,4,1,0,Medium
SC-1795,3,1,0,1,2,1,0,Medium
SC-1796,3,1,1,1,3,1,0,High
SC-1797,3,2,0,1,4,1,0,High
SC-1798,3,1,0,1,3,1,0,Medium
SC-1799,3,2,0,1,4,1,0,High
SC-1800,3,0,0,1,2,1,0,Low
SC-1801,3,2,0,0,2,1,0,Medium
SC-1802,3,0,0,1,2,1,0,Low
SC-1803,3,1,0,1,3,1,0,Medium
SC-1804,3,1,0,1,4,1,0,Medium
SC-1805,3,2,0,1,4,1,0,High
SC-1806,3,2,0,1,3,1,0,Medium
SC-1807,3,1,0,0,1,1,0,Low
SC-1808,3,1,0,0,2,1,0,Low
SC-1809,3,2,0,0,3,1,0,Medium
SC-1810,3,2,0,0,4,1,0,Medium
SC-1811,3,2,1,0,5,1,0,High
SC-1812,3,2,1,0,1,1,0,Medium
SC-1813,3,2,0,0,2,1,0,Medium
SC-1814,3,2,1,0,3,1,0,High
SC-1815,3,2,1,0,4,1,0,High
SC-1816,3,2,0,0,5,1,0,Medium
SC-1817,3,0,0,0,1,1,0,Low
SC-1818,3,1,0,0,2,1,0,Low
SC-1819,3,2,0,0,3,1,0,Medium
SC-1820,3,0,0,0,1,1,0,Low
SC-1821,3,1,0,0,3,1,0,Medium
SC-1822,3,2,0,0,4,1,0,Medium
SC-1823,3,1,0,0,1,1,0,Low
SC-1824,3,1,0,0,3,1,0,Medium
SC-1825,3,2,1,0,4,1,0,High
SC-1826,3,2,0,0,2,1,0,Medium
SC-1827,3,2,0,0,2,1,0,Medium
SC-1828,3,2,0,0,3,1,0,Medium
SC-1829,3,1,0,0,2,1,0,Low
SC-1830,3,1,1,0,3,1,0,Medium
SC-1831,3,2,0,0,3,1,0,Medium
SC-1832,3,2,0,0,3,1,0,Medium
SC-1833,3,2,0,0,4,1,0,Medium
SC-1834,3,1,0,0,4,1,0,Medium
SC-1835,3,2,1,0,2,1,0,Medium
SC-1836,3,1,0,0,2,1,0,Low
SC-1837,3,0,0,0,2,1,0,Low
SC-1838,3,1,0,0,2,1,0,Low
SC-1839,3,1,0,0,2,1,0,Low
SC-1840,3,1,1,0,3,1,0,Medium
SC-1841,3,1,0,0,4,1,0,Medium
SC-1842,3,2,0,0,4,1,0,Medium
SC-1843,3,2,1,0,3,1,0,High
SC-1844,3,2,0,0,1,1,0,Medium
SC-1845,3,2,0,0,2,1,0,Medium
SC-1846,3,0,0,0,1,1,0,Low
SC-1847,3,2,0,0,1,1,0,Medium
SC-1848,3,2,0,0,2,1,0,Medium
SC-1849,3,2,0,0,3,1,0,Medium
SC-1850,3,2,1,0,4,1,0,High
SC-1851,3,2,1,0,5,1,0,High
SC-1852,3,0,0,0,1,1,0,Low
SC-1853,3,2,1,0,2,1,0,Medium
SC-1854,3,2,1,0,3,1,0,High
SC-1855,3,2,0,0,4,1,0,Medium
SC-1856,3,2,0,0,5,1,0,Medium
SC-1857,3,1,0,0,1,1,0,Low
SC-1858,3,2,0,0,2,1,0,Medium
SC-1859,3,2,0,0,3,1,0,Medium
SC-1860,3,2,1,0,4,1,0,High
SC-1861,3,2,0,0,1,1,0,Medium
SC-1862,3,2,1,0,2,1,0,Medium
SC-1863,3,2,0,0,3,1,0,Medium
SC-1864,3,2,1,0,4,1,0,High
SC-1865,3,2,0,0,1,1,0,Medium
SC-1866,3,2,0,0,2,1,0,Medium
SC-1867,3,2,1,0,3,1,0,High
SC-1868,3,2,0,0,4,1,0,Medium
SC-1869,3,2,1,0,3,1,0,High
SC-1870,3,2,0,0,2,1,0,Medium
SC-1871,3,2,0,0,3,1,0,Medium
SC-1872,3,2,0,0,2,1,0,Medium
SC-1873,3,2,0,0,3,1,0,Medium
SC-1874,3,2,1,0,2,1,0,Medium
SC-1875,3,2,0,0,3,1,0,Medium
SC-1876,3,2,0,0,3,1,0,Medium
SC-1877,3,2,0,0,4,1,0,Medium
SC-1878,3,2,1,0,2,1,0,Medium
SC-1879,3,2,0,0,3,1,0,Medium
SC-1880,3,2,1,0,4,1,0,High
SC-1881,3,2,0,0,4,1,0,Medium
SC-1882,3,2,1,0,2,1,0,Medium
SC-1883,3,2,1,0,2,1,0,Medium
SC-1884,3,1,0,0,2,1,0,Low
SC-1885,3,1,0,0,2,1,0,Low
SC-1886,3,2,0,0,4,1,0,Medium
SC-1887,3,2,0,0,4,1,0,Medium
SC-1888,3,2,1,0,4,1,0,High
SC-1889,3,2,0,0,4,1,0,Medium
SC-1890,3,2,0,0,3,1,0,Medium
SC-1891,3,2,0,0,3,1,0,Medium
SC-1892,3,2,0,0,3,1,0,Medium
SC-1893,3,2,0,0,3,1,0,Medium
SC-1894,3,2,1,0,3,1,0,High
SC-1895,3,2,1,0,1,1,0,Medium
SC-1896,3,2,1,0,2,1,0,Medium
SC-1897,3,2,0,0,3,1,0,Medium
SC-1898,3,0,0,0,1,1,0,Low
SC-1899,3,1,0,0,2,1,0,Low
SC-1900,3,1,0,0,1,1,0,Low
SC-1901,3,2,1,0,3,1,0,High
SC-1902,3,2,1,0,2,1,0,Medium
SC-1903,3,1,0,0,2,1,0,Low
SC-1904,3,1,0,0,1,1,0,Low
SC-1905,3,1,0,0,2,1,0,Low
SC-1906,3,1,1,0,3,1,0,Medium
SC-1907,3,0,0,0,1,1,0,Low
SC-1908,3,1,0,0,1,1,0,Low
SC-1909,3,1,0,0,2,1,0,Low
SC-1910,3,1,0,0,2,1,0,Low
SC-1911,3,2,1,0,1,1,0,Medium
